pps,bps,avg_len,syn_count,unique_dst_ports,syn_rate,label
27,14411.0,533.7407407407408,0,4,0.0,0.0
2000,2898215.0,1449.1075,0,1,0.0,1.0
2359,139262.0,59.03433658329801,2359,1,1.0,1.0
32,18288.0,571.5,0,4,0.0,0.0
35,23233.0,663.8,0,4,0.0,0.0
26,21338.0,820.6923076923077,0,4,0.0,0.0
2124,135936.0,64.0,0,1,0.0,1.0
26,15728.0,604.9230769230769,0,4,0.0,0.0
30,19369.0,645.6333333333333,0,4,0.0,0.0
2049,120856.0,58.98291849682772,2049,1,1.0,1.0
27,16374.0,606.4444444444445,0,4,0.0,0.0
28,18207.0,650.25,0,4,0.0,0.0
34,27012.0,794.4705882352941,0,4,0.0,0.0
1561,2185400.0,1400.0,0,1547,0.0,1.0
2000,2900460.0,1450.23,0,1,0.0,1.0
2000,2899733.0,1449.8665,0,1,0.0,0.0
1574,100736.0,64.0,0,1,0.0,1.0
33,23365.0,708.030303030303,0,4,0.0,0.0
34,25345.0,745.4411764705883,0,4,0.0,0.0
42,30198.0,719.0,0,4,0.0,0.0
2000,2901328.0,1450.664,0,1,0.0,1.0
34,29803.0,876.5588235294117,0,4,0.0,0.0
2000,2899871.0,1449.9355,0,1,0.0,1.0
2000,2900270.0,1450.135,0,1,0.0,0.0
37,24652.0,666.2702702702703,0,4,0.0,0.0
42,34158.0,813.2857142857143,0,4,0.0,0.0
30,17088.0,569.6,0,4,0.0,0.0
2000,2901354.0,1450.677,0,1,0.0,0.0
2000,2902094.0,1451.047,0,1,0.0,1.0
36,21747.0,604.0833333333334,0,4,0.0,0.0
2000,2896580.0,1448.29,0,1,0.0,0.0
1708,100576.0,58.885245901639344,1708,1,1.0,1.0
31,18243.0,588.483870967742,0,4,0.0,0.0
2000,2901224.0,1450.612,0,1,0.0,1.0
35,22231.0,635.1714285714286,0,4,0.0,0.0
1950,124800.0,64.0,0,1,0.0,1.0
28,16032.0,572.5714285714286,0,4,0.0,0.0
1534,98176.0,64.0,0,1,0.0,1.0
2000,2899596.0,1449.798,0,1,0.0,1.0
2000,2899235.0,1449.6175,0,1,0.0,0.0
2000,2901654.0,1450.827,0,1,0.0,0.0
29,21559.0,743.4137931034483,0,4,0.0,0.0
25,15844.0,633.76,0,4,0.0,0.0
2000,2899947.0,1449.9735,0,1,0.0,1.0
31,18786.0,606.0,0,4,0.0,0.0
2000,2899268.0,1449.634,0,1,0.0,1.0
44,26243.0,596.4318181818181,0,4,0.0,0.0
2000,2900019.0,1450.0095,0,1,0.0,1.0
2276,134526.0,59.10632688927944,2276,1,1.0,1.0
1591,101824.0,64.0,0,1,0.0,1.0
2000,2900240.0,1450.12,0,1,0.0,0.0
28,18583.0,663.6785714285714,0,4,0.0,0.0
1633,2286200.0,1400.0,0,1610,0.0,1.0
1633,2286200.0,1400.0,0,1613,0.0,1.0
32,26815.0,837.96875,0,4,0.0,0.0
32,25315.0,791.09375,0,4,0.0,0.0
35,21568.0,616.2285714285714,0,4,0.0,0.0
36,22030.0,611.9444444444445,0,4,0.0,0.0
2000,2899907.0,1449.9535,0,1,0.0,0.0
47,35467.0,754.6170212765958,0,4,0.0,0.0
1991,127424.0,64.0,0,1,0.0,1.0
2000,2901256.0,1450.628,0,1,0.0,1.0
2000,2901558.0,1450.779,0,1,0.0,1.0
1830,117120.0,64.0,0,1,0.0,1.0
2013,118819.0,59.02583209140586,2013,1,1.0,1.0
33,22067.0,668.6969696969697,0,4,0.0,0.0
2308,136141.0,58.98656845753899,2308,1,1.0,1.0
46,35364.0,768.7826086956521,0,4,0.0,0.0
2340,138062.0,59.0008547008547,2340,1,1.0,1.0
33,18842.0,570.969696969697,0,4,0.0,0.0
2000,2899060.0,1449.53,0,1,0.0,0.0
2000,2898429.0,1449.2145,0,1,0.0,1.0
41,28310.0,690.4878048780488,0,4,0.0,0.0
1805,106300.0,58.89196675900277,1805,1,1.0,1.0
1365,1911000.0,1400.0,0,1353,0.0,1.0
40,32099.0,802.475,0,4,0.0,0.0
2000,2900664.0,1450.332,0,1,0.0,0.0
27,19785.0,732.7777777777778,0,4,0.0,0.0
1540,2156000.0,1400.0,0,1528,0.0,1.0
34,15299.0,449.97058823529414,0,4,0.0,0.0
34,29869.0,878.5,0,4,0.0,0.0
1636,2290400.0,1400.0,0,1614,0.0,1.0
2000,2901233.0,1450.6165,0,1,0.0,1.0
1772,2480800.0,1400.0,0,1745,0.0,1.0
45,29768.0,661.5111111111111,0,4,0.0,0.0
24,10845.0,451.875,0,4,0.0,0.0
1675,2345000.0,1400.0,0,1657,0.0,1.0
24,15952.0,664.6666666666666,0,4,0.0,0.0
2000,2896958.0,1448.479,0,1,0.0,0.0
31,21171.0,682.9354838709677,0,4,0.0,0.0
2000,2901298.0,1450.649,0,1,0.0,0.0
28,20283.0,724.3928571428571,0,4,0.0,0.0
2000,2900094.0,1450.047,0,1,0.0,1.0
32,20845.0,651.40625,0,4,0.0,0.0
2000,2896765.0,1448.3825,0,1,0.0,1.0
2000,2900348.0,1450.174,0,1,0.0,1.0
2000,2898067.0,1449.0335,0,1,0.0,1.0
28,20893.0,746.1785714285714,0,4,0.0,0.0
2000,2899272.0,1449.636,0,1,0.0,0.0
39,22947.0,588.3846153846154,0,4,0.0,0.0
35,22809.0,651.6857142857143,0,4,0.0,0.0
34,24344.0,716.0,0,4,0.0,0.0
28,19969.0,713.1785714285714,0,4,0.0,0.0
2187,129276.0,59.111111111111114,2187,1,1.0,1.0
24,16071.0,669.625,0,4,0.0,0.0
2000,2897631.0,1448.8155,0,1,0.0,1.0
33,24643.0,746.7575757575758,0,4,0.0,0.0
2000,2898689.0,1449.3445,0,1,0.0,1.0
2000,2900415.0,1450.2075,0,1,0.0,0.0
1599,2238600.0,1400.0,0,1575,0.0,1.0
1327,1857800.0,1400.0,0,1316,0.0,1.0
24,18623.0,775.9583333333334,0,4,0.0,0.0
1708,109312.0,64.0,0,1,0.0,1.0
2000,2900585.0,1450.2925,0,1,0.0,0.0
32,21897.0,684.28125,0,4,0.0,0.0
2000,2899219.0,1449.6095,0,1,0.0,1.0
2000,2898916.0,1449.458,0,1,0.0,1.0
24,21468.0,894.5,0,4,0.0,0.0
32,20602.0,643.8125,0,4,0.0,0.0
27,16713.0,619.0,0,4,0.0,0.0
34,31976.0,940.4705882352941,0,4,0.0,0.0
47,35183.0,748.5744680851063,0,4,0.0,0.0
2000,2899990.0,1449.995,0,1,0.0,1.0
1262,1766800.0,1400.0,0,1248,0.0,1.0
28,18460.0,659.2857142857143,0,4,0.0,0.0
2000,2900541.0,1450.2705,0,1,0.0,1.0
39,22978.0,589.1794871794872,0,4,0.0,0.0
2000,2900248.0,1450.124,0,1,0.0,1.0
2000,2898089.0,1449.0445,0,1,0.0,0.0
25,16130.0,645.2,0,4,0.0,0.0
33,24478.0,741.7575757575758,0,4,0.0,0.0
32,23082.0,721.3125,0,4,0.0,0.0
2000,2902584.0,1451.292,0,1,0.0,0.0
2000,2896734.0,1448.367,0,1,0.0,1.0
2000,2900195.0,1450.0975,0,1,0.0,1.0
32,19090.0,596.5625,0,4,0.0,0.0
26,14705.0,565.5769230769231,0,4,0.0,0.0
2000,2897631.0,1448.8155,0,1,0.0,0.0
2000,2900343.0,1450.1715,0,1,0.0,1.0
26,16364.0,629.3846153846154,0,4,0.0,0.0
29,23561.0,812.448275862069,0,4,0.0,0.0
2000,2900476.0,1450.238,0,1,0.0,1.0
2000,2901144.0,1450.572,0,1,0.0,0.0
1551,99264.0,64.0,0,1,0.0,1.0
2000,2900835.0,1450.4175,0,1,0.0,1.0
2000,2900914.0,1450.457,0,1,0.0,0.0
1512,2116800.0,1400.0,0,1498,0.0,1.0
28,15561.0,555.75,0,4,0.0,0.0
25,15236.0,609.44,0,4,0.0,0.0
25,16520.0,660.8,0,4,0.0,0.0
1303,1824200.0,1400.0,0,1294,0.0,1.0
24,16055.0,668.9583333333334,0,4,0.0,0.0
34,20343.0,598.3235294117648,0,4,0.0,0.0
1328,1859200.0,1400.0,0,1315,0.0,1.0
35,24947.0,712.7714285714286,0,4,0.0,0.0
2071,132544.0,64.0,0,1,0.0,1.0
28,20627.0,736.6785714285714,0,4,0.0,0.0
2000,2900404.0,1450.202,0,1,0.0,1.0
35,23241.0,664.0285714285715,0,4,0.0,0.0
26,19254.0,740.5384615384615,0,4,0.0,0.0
27,21201.0,785.2222222222222,0,4,0.0,0.0
36,19274.0,535.3888888888889,0,4,0.0,0.0
34,23720.0,697.6470588235294,0,4,0.0,0.0
32,18307.0,572.09375,0,4,0.0,0.0
36,31577.0,877.1388888888889,0,4,0.0,0.0
26,19262.0,740.8461538461538,0,4,0.0,0.0
30,20652.0,688.4,0,3,0.0,0.0
29,16804.0,579.448275862069,0,4,0.0,0.0
1790,105682.0,59.04022346368715,1790,1,1.0,1.0
37,26479.0,715.6486486486486,0,4,0.0,0.0
2000,2900010.0,1450.005,0,1,0.0,1.0
29,14999.0,517.2068965517242,0,4,0.0,0.0
31,17728.0,571.8709677419355,0,4,0.0,0.0
27,20120.0,745.1851851851852,0,4,0.0,0.0
25,21040.0,841.6,0,4,0.0,0.0
2000,2899945.0,1449.9725,0,1,0.0,1.0
1732,110848.0,64.0,0,1,0.0,1.0
25,22289.0,891.56,0,4,0.0,0.0
34,22794.0,670.4117647058823,0,4,0.0,0.0
1395,1953000.0,1400.0,0,1378,0.0,1.0
46,28081.0,610.4565217391304,0,4,0.0,0.0
39,28325.0,726.2820512820513,0,4,0.0,0.0
34,28209.0,829.6764705882352,0,4,0.0,0.0
30,19012.0,633.7333333333333,0,4,0.0,0.0
2000,2900425.0,1450.2125,0,1,0.0,1.0
1765,2471000.0,1400.0,0,1736,0.0,1.0
31,17091.0,551.3225806451613,0,4,0.0,0.0
24,16845.0,701.875,0,4,0.0,0.0
32,20204.0,631.375,0,4,0.0,0.0
27,10189.0,377.3703703703704,0,4,0.0,0.0
2000,2900340.0,1450.17,0,1,0.0,1.0
2000,2899977.0,1449.9885,0,1,0.0,1.0
2000,2899509.0,1449.7545,0,1,0.0,1.0
1727,2417800.0,1400.0,0,1707,0.0,1.0
2000,2900161.0,1450.0805,0,1,0.0,0.0
32,19654.0,614.1875,0,4,0.0,0.0
26,18617.0,716.0384615384615,0,4,0.0,0.0
27,20125.0,745.3703703703703,0,4,0.0,0.0
2000,2899476.0,1449.738,0,1,0.0,0.0
37,25427.0,687.2162162162163,0,4,0.0,0.0
2000,2899431.0,1449.7155,0,1,0.0,0.0
2000,2901782.0,1450.891,0,1,0.0,1.0
39,26917.0,690.1794871794872,0,4,0.0,0.0
2000,2897520.0,1448.76,0,1,0.0,1.0
29,20727.0,714.7241379310345,0,4,0.0,0.0
2000,2899194.0,1449.597,0,1,0.0,0.0
2000,2900118.0,1450.059,0,1,0.0,1.0
24,20650.0,860.4166666666666,0,4,0.0,0.0
2000,2900677.0,1450.3385,0,1,0.0,1.0
2000,2899453.0,1449.7265,0,1,0.0,0.0
2000,2900238.0,1450.119,0,1,0.0,0.0
47,33888.0,721.0212765957447,0,4,0.0,0.0
31,19981.0,644.5483870967741,0,4,0.0,0.0
31,22185.0,715.6451612903226,0,4,0.0,0.0
47,30446.0,647.7872340425532,0,4,0.0,0.0
31,25963.0,837.516129032258,0,4,0.0,0.0
2000,2899561.0,1449.7805,0,1,0.0,1.0
2000,2901148.0,1450.574,0,1,0.0,0.0
35,28836.0,823.8857142857142,0,4,0.0,0.0
2000,2902352.0,1451.176,0,1,0.0,0.0
2000,2901174.0,1450.587,0,1,0.0,1.0
33,23430.0,710.0,0,4,0.0,0.0
26,10350.0,398.0769230769231,0,4,0.0,0.0
2000,2900120.0,1450.06,0,1,0.0,1.0
33,23981.0,726.6969696969697,0,4,0.0,0.0
1947,124608.0,64.0,0,1,0.0,1.0
2000,2902295.0,1451.1475,0,1,0.0,1.0
2007,128448.0,64.0,0,1,0.0,1.0
33,23056.0,698.6666666666666,0,4,0.0,0.0
29,19934.0,687.3793103448276,0,4,0.0,0.0
43,26787.0,622.953488372093,0,4,0.0,0.0
30,10317.0,343.9,0,4,0.0,0.0
29,19249.0,663.7586206896551,0,4,0.0,0.0
1942,114564.0,58.992790937178164,1942,1,1.0,1.0
2000,2902125.0,1451.0625,0,1,0.0,1.0
26,17688.0,680.3076923076923,0,4,0.0,0.0
1764,104239.0,59.092403628117914,1764,1,1.0,1.0
2000,2899645.0,1449.8225,0,1,0.0,0.0
2000,2899989.0,1449.9945,0,1,0.0,0.0
1827,107713.0,58.956212370005474,1827,1,1.0,1.0
28,18386.0,656.6428571428571,0,4,0.0,0.0
2000,2901066.0,1450.533,0,1,0.0,0.0
26,20708.0,796.4615384615385,0,4,0.0,0.0
30,23619.0,787.3,0,4,0.0,0.0
2000,2900040.0,1450.02,0,1,0.0,0.0
46,32455.0,705.5434782608696,0,4,0.0,0.0
2000,2901356.0,1450.678,0,1,0.0,0.0
32,23157.0,723.65625,0,4,0.0,0.0
24,14647.0,610.2916666666666,0,3,0.0,0.0
24,16519.0,688.2916666666666,0,4,0.0,0.0
1562,2186800.0,1400.0,0,1549,0.0,1.0
2000,2899793.0,1449.8965,0,1,0.0,1.0
2000,2898432.0,1449.216,0,1,0.0,0.0
2000,2899280.0,1449.64,0,1,0.0,1.0
33,23180.0,702.4242424242424,0,4,0.0,0.0
44,26126.0,593.7727272727273,0,4,0.0,0.0
25,19442.0,777.68,0,4,0.0,0.0
30,25936.0,864.5333333333333,0,4,0.0,0.0
2000,2899308.0,1449.654,0,1,0.0,1.0
44,29010.0,659.3181818181819,0,4,0.0,0.0
2000,2898514.0,1449.257,0,1,0.0,1.0
34,22131.0,650.9117647058823,0,4,0.0,0.0
39,23991.0,615.1538461538462,0,4,0.0,0.0
1973,116417.0,59.005068423720225,1973,1,1.0,1.0
1247,1745800.0,1400.0,0,1233,0.0,1.0
2000,2899738.0,1449.869,0,1,0.0,0.0
47,37414.0,796.0425531914893,0,4,0.0,0.0
33,24782.0,750.969696969697,0,4,0.0,0.0
30,18685.0,622.8333333333334,0,4,0.0,0.0
27,18868.0,698.8148148148148,0,4,0.0,0.0
2000,2898825.0,1449.4125,0,1,0.0,1.0
33,21182.0,641.8787878787879,0,4,0.0,0.0
1500,96000.0,64.0,0,1,0.0,1.0
32,21071.0,658.46875,0,4,0.0,0.0
2000,2902455.0,1451.2275,0,1,0.0,1.0
1314,1839600.0,1400.0,0,1295,0.0,1.0
2000,2900916.0,1450.458,0,1,0.0,0.0
37,31227.0,843.972972972973,0,4,0.0,0.0
46,28509.0,619.7608695652174,0,4,0.0,0.0
1961,125504.0,64.0,0,1,0.0,1.0
25,20635.0,825.4,0,4,0.0,0.0
35,22814.0,651.8285714285714,0,4,0.0,0.0
24,16155.0,673.125,0,4,0.0,0.0
2000,2899650.0,1449.825,0,1,0.0,1.0
1643,105152.0,64.0,0,1,0.0,1.0
34,23275.0,684.5588235294117,0,4,0.0,0.0
1701,2381400.0,1400.0,0,1673,0.0,1.0
32,21514.0,672.3125,0,4,0.0,0.0
34,18457.0,542.8529411764706,0,4,0.0,0.0
27,15607.0,578.0370370370371,0,4,0.0,0.0
2000,2902145.0,1451.0725,0,1,0.0,0.0
27,17927.0,663.9629629629629,0,4,0.0,0.0
2000,2901302.0,1450.651,0,1,0.0,0.0
2348,138479.0,58.97742759795571,2348,1,1.0,1.0
2000,2900247.0,1450.1235,0,1,0.0,0.0
32,27480.0,858.75,0,4,0.0,0.0
24,17063.0,710.9583333333334,0,4,0.0,0.0
28,15488.0,553.1428571428571,0,4,0.0,0.0
2000,2896438.0,1448.219,0,1,0.0,0.0
37,25950.0,701.3513513513514,0,4,0.0,0.0
2000,2898664.0,1449.332,0,1,0.0,1.0
2061,131904.0,64.0,0,1,0.0,1.0
35,24411.0,697.4571428571429,0,4,0.0,0.0
32,22077.0,689.90625,0,4,0.0,0.0
29,17780.0,613.1034482758621,0,4,0.0,0.0
33,27775.0,841.6666666666666,0,4,0.0,0.0
2314,136368.0,58.93171996542783,2314,1,1.0,1.0
1652,105728.0,64.0,0,1,0.0,1.0
35,24331.0,695.1714285714286,0,4,0.0,0.0
30,22662.0,755.4,0,4,0.0,0.0
33,24158.0,732.060606060606,0,4,0.0,0.0
27,17708.0,655.8518518518518,0,4,0.0,0.0
2000,2899892.0,1449.946,0,1,0.0,0.0
44,32962.0,749.1363636363636,0,4,0.0,0.0
47,36951.0,786.1914893617021,0,4,0.0,0.0
36,23422.0,650.6111111111111,0,4,0.0,0.0
46,31095.0,675.9782608695652,0,4,0.0,0.0
2000,2900184.0,1450.092,0,1,0.0,1.0
1957,115553.0,59.04598875830352,1957,1,1.0,1.0
2000,2898481.0,1449.2405,0,1,0.0,1.0
26,22296.0,857.5384615384615,0,4,0.0,0.0
35,23122.0,660.6285714285714,0,4,0.0,0.0
29,16637.0,573.6896551724138,0,4,0.0,0.0
2006,128384.0,64.0,0,1,0.0,1.0
1617,103488.0,64.0,0,1,0.0,1.0
47,34039.0,724.2340425531914,0,4,0.0,0.0
34,19285.0,567.2058823529412,0,4,0.0,0.0
33,20152.0,610.6666666666666,0,4,0.0,0.0
2000,2900734.0,1450.367,0,1,0.0,1.0
32,27389.0,855.90625,0,4,0.0,0.0
2000,2898887.0,1449.4435,0,1,0.0,1.0
28,18140.0,647.8571428571429,0,4,0.0,0.0
28,24163.0,862.9642857142857,0,4,0.0,0.0
29,21637.0,746.1034482758621,0,4,0.0,0.0
2198,129395.0,58.86942675159236,2198,1,1.0,1.0
2397,141652.0,59.095536086775134,2397,1,1.0,1.0
2000,2900577.0,1450.2885,0,1,0.0,1.0
2000,2900927.0,1450.4635,0,1,0.0,0.0
30,20542.0,684.7333333333333,0,4,0.0,0.0
25,15800.0,632.0,0,4,0.0,0.0
25,17581.0,703.24,0,4,0.0,0.0
40,26898.0,672.45,0,4,0.0,0.0
2004,128256.0,64.0,0,1,0.0,1.0
29,19360.0,667.5862068965517,0,4,0.0,0.0
31,18798.0,606.3870967741935,0,4,0.0,0.0
2000,2900426.0,1450.213,0,1,0.0,0.0
27,22547.0,835.074074074074,0,4,0.0,0.0
27,24497.0,907.2962962962963,0,4,0.0,0.0
2000,2900442.0,1450.221,0,1,0.0,0.0
31,20851.0,672.6129032258065,0,4,0.0,0.0
24,18371.0,765.4583333333334,0,4,0.0,0.0
34,27220.0,800.5882352941177,0,4,0.0,0.0
35,24930.0,712.2857142857143,0,4,0.0,0.0
2000,2899473.0,1449.7365,0,1,0.0,1.0
2000,2900320.0,1450.16,0,1,0.0,1.0
2312,136399.0,58.996107266435985,2312,1,1.0,1.0
26,17430.0,670.3846153846154,0,4,0.0,0.0
46,29168.0,634.0869565217391,0,4,0.0,0.0
32,16230.0,507.1875,0,4,0.0,0.0
37,20592.0,556.5405405405405,0,4,0.0,0.0
37,27110.0,732.7027027027027,0,4,0.0,0.0
35,27155.0,775.8571428571429,0,4,0.0,0.0
41,24065.0,586.9512195121952,0,4,0.0,0.0
31,22291.0,719.0645161290323,0,4,0.0,0.0
2000,2898746.0,1449.373,0,1,0.0,0.0
31,23915.0,771.4516129032259,0,4,0.0,0.0
39,31519.0,808.1794871794872,0,4,0.0,0.0
2000,2899533.0,1449.7665,0,1,0.0,0.0
30,17416.0,580.5333333333333,0,4,0.0,0.0
25,15376.0,615.04,0,4,0.0,0.0
35,30984.0,885.2571428571429,0,4,0.0,0.0
2000,2900701.0,1450.3505,0,1,0.0,1.0
35,22908.0,654.5142857142857,0,4,0.0,0.0
2000,2900209.0,1450.1045,0,1,0.0,1.0
28,22088.0,788.8571428571429,0,4,0.0,0.0
40,25981.0,649.525,0,4,0.0,0.0
2034,130176.0,64.0,0,1,0.0,1.0
33,20167.0,611.1212121212121,0,4,0.0,0.0
35,27255.0,778.7142857142857,0,4,0.0,0.0
43,30998.0,720.8837209302326,0,4,0.0,0.0
2000,2899998.0,1449.999,0,1,0.0,0.0
31,24199.0,780.6129032258065,0,4,0.0,0.0
32,19284.0,602.625,0,4,0.0,0.0
35,18713.0,534.6571428571428,0,4,0.0,0.0
35,27987.0,799.6285714285714,0,4,0.0,0.0
33,25260.0,765.4545454545455,0,4,0.0,0.0
31,20006.0,645.3548387096774,0,4,0.0,0.0
1809,106607.0,58.9314538419016,1809,1,1.0,1.0
34,21449.0,630.8529411764706,0,4,0.0,0.0
28,15552.0,555.4285714285714,0,4,0.0,0.0
38,26067.0,685.9736842105264,0,4,0.0,0.0
34,24963.0,734.2058823529412,0,4,0.0,0.0
2000,2901107.0,1450.5535,0,1,0.0,1.0
41,21672.0,528.5853658536586,0,4,0.0,0.0
2000,2900158.0,1450.079,0,1,0.0,0.0
33,19740.0,598.1818181818181,0,4,0.0,0.0
1754,112256.0,64.0,0,1,0.0,1.0
2000,2900068.0,1450.034,0,1,0.0,1.0
36,20627.0,572.9722222222222,0,4,0.0,0.0
2000,2898710.0,1449.355,0,1,0.0,0.0
2000,2901870.0,1450.935,0,1,0.0,1.0
2000,2899312.0,1449.656,0,1,0.0,1.0
1734,102290.0,58.990772779700116,1734,1,1.0,1.0
2000,2901708.0,1450.854,0,1,0.0,0.0
39,34961.0,896.4358974358975,0,4,0.0,0.0
32,25986.0,812.0625,0,4,0.0,0.0
26,18471.0,710.4230769230769,0,4,0.0,0.0
26,27235.0,1047.5,0,4,0.0,0.0
37,33600.0,908.1081081081081,0,4,0.0,0.0
2000,2900640.0,1450.32,0,1,0.0,0.0
26,16047.0,617.1923076923077,0,4,0.0,0.0
27,15174.0,562.0,0,3,0.0,0.0
1492,2088800.0,1400.0,0,1479,0.0,1.0
2000,2899207.0,1449.6035,0,1,0.0,1.0
25,15495.0,619.8,0,4,0.0,0.0
2000,2898536.0,1449.268,0,1,0.0,1.0
2000,2899865.0,1449.9325,0,1,0.0,1.0
40,23740.0,593.5,0,4,0.0,0.0
2193,129446.0,59.02690378476972,2193,1,1.0,1.0
35,21891.0,625.4571428571429,0,4,0.0,0.0
34,22215.0,653.3823529411765,0,4,0.0,0.0
29,15820.0,545.5172413793103,0,4,0.0,0.0
1925,123200.0,64.0,0,1,0.0,1.0
28,21979.0,784.9642857142857,0,4,0.0,0.0
2091,133824.0,64.0,0,1,0.0,1.0
2046,130944.0,64.0,0,1,0.0,1.0
2000,2898810.0,1449.405,0,1,0.0,0.0
43,30544.0,710.3255813953489,0,4,0.0,0.0
32,19285.0,602.65625,0,4,0.0,0.0
32,22738.0,710.5625,0,4,0.0,0.0
30,21976.0,732.5333333333333,0,4,0.0,0.0
2000,2900477.0,1450.2385,0,1,0.0,1.0
46,28917.0,628.6304347826087,0,4,0.0,0.0
32,18295.0,571.71875,0,4,0.0,0.0
2000,2899955.0,1449.9775,0,1,0.0,1.0
2000,2898918.0,1449.459,0,1,0.0,0.0
25,17254.0,690.16,0,4,0.0,0.0
25,18265.0,730.6,0,4,0.0,0.0
1750,112000.0,64.0,0,1,0.0,1.0
2000,2902761.0,1451.3805,0,1,0.0,1.0
37,28424.0,768.2162162162163,0,4,0.0,0.0
32,20210.0,631.5625,0,4,0.0,0.0
2000,2901969.0,1450.9845,0,1,0.0,0.0
2142,137088.0,64.0,0,1,0.0,1.0
27,20017.0,741.3703703703703,0,4,0.0,0.0
32,21598.0,674.9375,0,4,0.0,0.0
2000,2899401.0,1449.7005,0,1,0.0,1.0
2000,2898720.0,1449.36,0,1,0.0,0.0
29,21676.0,747.448275862069,0,4,0.0,0.0
34,25242.0,742.4117647058823,0,4,0.0,0.0
35,24561.0,701.7428571428571,0,4,0.0,0.0
2114,135296.0,64.0,0,1,0.0,1.0
2000,2902467.0,1451.2335,0,1,0.0,0.0
46,33923.0,737.4565217391304,0,4,0.0,0.0
2000,2898365.0,1449.1825,0,1,0.0,1.0
2000,2900617.0,1450.3085,0,1,0.0,1.0
28,20857.0,744.8928571428571,0,4,0.0,0.0
1304,1825600.0,1400.0,0,1295,0.0,1.0
2000,2899154.0,1449.577,0,1,0.0,0.0
1950,124800.0,64.0,0,1,0.0,1.0
2000,2900968.0,1450.484,0,1,0.0,0.0
35,17449.0,498.54285714285714,0,3,0.0,0.0
46,39779.0,864.7608695652174,0,4,0.0,0.0
27,12632.0,467.85185185185185,0,4,0.0,0.0
26,21122.0,812.3846153846154,0,4,0.0,0.0
27,19400.0,718.5185185185185,0,4,0.0,0.0
25,16097.0,643.88,0,4,0.0,0.0
39,24768.0,635.0769230769231,0,4,0.0,0.0
46,31405.0,682.7173913043479,0,4,0.0,0.0
28,20235.0,722.6785714285714,0,4,0.0,0.0
30,21661.0,722.0333333333333,0,4,0.0,0.0
33,20744.0,628.6060606060606,0,4,0.0,0.0
34,16865.0,496.02941176470586,0,4,0.0,0.0
2000,2898685.0,1449.3425,0,1,0.0,1.0
32,22814.0,712.9375,0,4,0.0,0.0
2000,2899431.0,1449.7155,0,1,0.0,1.0
31,23760.0,766.4516129032259,0,4,0.0,0.0
2087,133568.0,64.0,0,1,0.0,1.0
1611,95112.0,59.039106145251395,1611,1,1.0,1.0
32,24198.0,756.1875,0,4,0.0,0.0
2063,121665.0,58.97479398933592,2063,1,1.0,1.0
2000,2899117.0,1449.5585,0,1,0.0,1.0
26,23417.0,900.6538461538462,0,4,0.0,0.0
2000,2903016.0,1451.508,0,1,0.0,0.0
32,23642.0,738.8125,0,4,0.0,0.0
40,25930.0,648.25,0,4,0.0,0.0
1565,100160.0,64.0,0,1,0.0,1.0
2000,2898635.0,1449.3175,0,1,0.0,0.0
1462,2046800.0,1400.0,0,1440,0.0,1.0
1994,127616.0,64.0,0,1,0.0,1.0
30,25867.0,862.2333333333333,0,4,0.0,0.0
2000,2900980.0,1450.49,0,1,0.0,1.0
29,22972.0,792.1379310344828,0,4,0.0,0.0
34,26750.0,786.7647058823529,0,4,0.0,0.0
35,29839.0,852.5428571428571,0,4,0.0,0.0
1575,100800.0,64.0,0,1,0.0,1.0
2000,2898352.0,1449.176,0,1,0.0,0.0
33,23461.0,710.939393939394,0,4,0.0,0.0
1337,1871800.0,1400.0,0,1327,0.0,1.0
1810,115840.0,64.0,0,1,0.0,1.0
26,19861.0,763.8846153846154,0,4,0.0,0.0
1805,106286.0,58.88421052631579,1805,1,1.0,1.0
32,22741.0,710.65625,0,4,0.0,0.0
2000,2900522.0,1450.261,0,1,0.0,0.0
2000,2900704.0,1450.352,0,1,0.0,0.0
28,17905.0,639.4642857142857,0,3,0.0,0.0
34,21231.0,624.4411764705883,0,4,0.0,0.0
1881,120384.0,64.0,0,1,0.0,1.0
2000,2899842.0,1449.921,0,1,0.0,0.0
35,23057.0,658.7714285714286,0,4,0.0,0.0
2000,2902598.0,1451.299,0,1,0.0,1.0
29,18297.0,630.9310344827586,0,4,0.0,0.0
33,20239.0,613.3030303030303,0,4,0.0,0.0
2000,2901111.0,1450.5555,0,1,0.0,0.0
2000,2900260.0,1450.13,0,1,0.0,1.0
38,32790.0,862.8947368421053,0,4,0.0,0.0
2000,2900191.0,1450.0955,0,1,0.0,0.0
33,23593.0,714.939393939394,0,4,0.0,0.0
2000,2900247.0,1450.1235,0,1,0.0,1.0
1318,1845200.0,1400.0,0,1299,0.0,1.0
30,19875.0,662.5,0,4,0.0,0.0
26,13967.0,537.1923076923077,0,4,0.0,0.0
2000,2900299.0,1450.1495,0,1,0.0,0.0
31,25337.0,817.3225806451613,0,4,0.0,0.0
35,28384.0,810.9714285714285,0,4,0.0,0.0
29,17813.0,614.2413793103449,0,4,0.0,0.0
39,24786.0,635.5384615384615,0,4,0.0,0.0
30,20858.0,695.2666666666667,0,4,0.0,0.0
2000,2901495.0,1450.7475,0,1,0.0,0.0
26,22110.0,850.3846153846154,0,3,0.0,0.0
45,31096.0,691.0222222222222,0,4,0.0,0.0
24,14424.0,601.0,0,4,0.0,0.0
2000,2901406.0,1450.703,0,1,0.0,1.0
2000,2899292.0,1449.646,0,1,0.0,1.0
1444,2021600.0,1400.0,0,1428,0.0,1.0
33,24582.0,744.9090909090909,0,4,0.0,0.0
27,24994.0,925.7037037037037,0,4,0.0,0.0
34,29317.0,862.2647058823529,0,4,0.0,0.0
2000,2899562.0,1449.781,0,1,0.0,1.0
35,23983.0,685.2285714285714,0,4,0.0,0.0
2000,2902425.0,1451.2125,0,1,0.0,0.0
40,21337.0,533.425,0,4,0.0,0.0
2000,2901232.0,1450.616,0,1,0.0,1.0
2000,2897861.0,1448.9305,0,1,0.0,0.0
40,31042.0,776.05,0,4,0.0,0.0
34,27192.0,799.7647058823529,0,4,0.0,0.0
2000,2901098.0,1450.549,0,1,0.0,0.0
2000,2899111.0,1449.5555,0,1,0.0,1.0
30,21727.0,724.2333333333333,0,4,0.0,0.0
2000,2900523.0,1450.2615,0,1,0.0,0.0
28,16724.0,597.2857142857143,0,4,0.0,0.0
32,24611.0,769.09375,0,4,0.0,0.0
46,25154.0,546.8260869565217,0,4,0.0,0.0
45,33885.0,753.0,0,4,0.0,0.0
1351,1891400.0,1400.0,0,1335,0.0,1.0
28,21042.0,751.5,0,4,0.0,0.0
33,19692.0,596.7272727272727,0,4,0.0,0.0
2000,2900144.0,1450.072,0,1,0.0,1.0
34,22058.0,648.7647058823529,0,4,0.0,0.0
2000,2899503.0,1449.7515,0,1,0.0,0.0
24,14472.0,603.0,0,4,0.0,0.0
35,21489.0,613.9714285714285,0,4,0.0,0.0
28,18912.0,675.4285714285714,0,4,0.0,0.0
2000,2899653.0,1449.8265,0,1,0.0,0.0
2000,2900517.0,1450.2585,0,1,0.0,0.0
1587,101568.0,64.0,0,1,0.0,1.0
1660,106240.0,64.0,0,1,0.0,1.0
32,25819.0,806.84375,0,4,0.0,0.0
25,16254.0,650.16,0,4,0.0,0.0
31,19048.0,614.4516129032259,0,4,0.0,0.0
2000,2900672.0,1450.336,0,1,0.0,1.0
2000,2900080.0,1450.04,0,1,0.0,1.0
39,22553.0,578.2820512820513,0,4,0.0,0.0
1971,126144.0,64.0,0,1,0.0,1.0
2000,2898779.0,1449.3895,0,1,0.0,0.0
34,22872.0,672.7058823529412,0,4,0.0,0.0
2000,2899715.0,1449.8575,0,1,0.0,1.0
24,19646.0,818.5833333333334,0,4,0.0,0.0
35,24261.0,693.1714285714286,0,4,0.0,0.0
30,18524.0,617.4666666666667,0,4,0.0,0.0
35,28106.0,803.0285714285715,0,4,0.0,0.0
2000,2900815.0,1450.4075,0,1,0.0,0.0
25,13611.0,544.44,0,4,0.0,0.0
24,13726.0,571.9166666666666,0,4,0.0,0.0
24,19284.0,803.5,0,4,0.0,0.0
1536,2150400.0,1400.0,0,1520,0.0,1.0
29,21804.0,751.8620689655172,0,4,0.0,0.0
2000,2900275.0,1450.1375,0,1,0.0,1.0
2000,2900577.0,1450.2885,0,1,0.0,1.0
1970,126080.0,64.0,0,1,0.0,1.0
2000,2898889.0,1449.4445,0,1,0.0,0.0
2000,2902185.0,1451.0925,0,1,0.0,1.0
27,19080.0,706.6666666666666,0,4,0.0,0.0
35,26111.0,746.0285714285715,0,4,0.0,0.0
1306,1828400.0,1400.0,0,1295,0.0,1.0
2000,2900970.0,1450.485,0,1,0.0,1.0
2000,2899767.0,1449.8835,0,1,0.0,1.0
47,33135.0,705.0,0,4,0.0,0.0
24,13144.0,547.6666666666666,0,4,0.0,0.0
30,19056.0,635.2,0,4,0.0,0.0
32,23744.0,742.0,0,4,0.0,0.0
33,25136.0,761.6969696969697,0,4,0.0,0.0
29,26204.0,903.5862068965517,0,4,0.0,0.0
38,25387.0,668.078947368421,0,4,0.0,0.0
33,25768.0,780.8484848484849,0,4,0.0,0.0
31,28130.0,907.4193548387096,0,4,0.0,0.0
1810,115840.0,64.0,0,1,0.0,1.0
2000,2899939.0,1449.9695,0,1,0.0,0.0
24,16834.0,701.4166666666666,0,4,0.0,0.0
34,27389.0,805.5588235294117,0,4,0.0,0.0
2000,2902050.0,1451.025,0,1,0.0,1.0
1416,1982400.0,1400.0,0,1405,0.0,1.0
34,24297.0,714.6176470588235,0,4,0.0,0.0
33,28521.0,864.2727272727273,0,4,0.0,0.0
2047,120909.0,59.06643869076698,2047,1,1.0,1.0
24,13565.0,565.2083333333334,0,4,0.0,0.0
1754,2455600.0,1400.0,0,1741,0.0,1.0
2000,2900648.0,1450.324,0,1,0.0,0.0
1569,2196600.0,1400.0,0,1554,0.0,1.0
33,23426.0,709.8787878787879,0,4,0.0,0.0
42,33148.0,789.2380952380952,0,4,0.0,0.0
30,22062.0,735.4,0,4,0.0,0.0
2292,134743.0,58.788394415357764,2292,1,1.0,1.0
1770,113280.0,64.0,0,1,0.0,1.0
1717,2403800.0,1400.0,0,1684,0.0,1.0
28,18815.0,671.9642857142857,0,4,0.0,0.0
31,16969.0,547.3870967741935,0,4,0.0,0.0
33,21939.0,664.8181818181819,0,4,0.0,0.0
2000,2899696.0,1449.848,0,1,0.0,0.0
1794,105951.0,59.058528428093645,1794,1,1.0,1.0
37,30214.0,816.5945945945946,0,4,0.0,0.0
25,19219.0,768.76,0,4,0.0,0.0
32,22168.0,692.75,0,4,0.0,0.0
34,24762.0,728.2941176470588,0,4,0.0,0.0
2000,2901079.0,1450.5395,0,1,0.0,0.0
29,25183.0,868.3793103448276,0,4,0.0,0.0
2000,2902852.0,1451.426,0,1,0.0,1.0
1911,112765.0,59.008372579801154,1911,1,1.0,1.0
2000,2902664.0,1451.332,0,1,0.0,0.0
44,30274.0,688.0454545454545,0,4,0.0,0.0
2000,2899601.0,1449.8005,0,1,0.0,0.0
35,25072.0,716.3428571428572,0,4,0.0,0.0
39,26384.0,676.5128205128206,0,4,0.0,0.0
2093,123371.0,58.94457716196847,2093,1,1.0,1.0
25,19049.0,761.96,0,4,0.0,0.0
2000,2900573.0,1450.2865,0,1,0.0,1.0
2000,2900539.0,1450.2695,0,1,0.0,1.0
2000,2899086.0,1449.543,0,1,0.0,0.0
2000,2901398.0,1450.699,0,1,0.0,0.0
30,22037.0,734.5666666666667,0,4,0.0,0.0
2009,128576.0,64.0,0,1,0.0,1.0
40,26223.0,655.575,0,4,0.0,0.0
2000,2897470.0,1448.735,0,1,0.0,1.0
2000,2900301.0,1450.1505,0,1,0.0,0.0
2000,2900067.0,1450.0335,0,1,0.0,1.0
34,30939.0,909.9705882352941,0,4,0.0,0.0
2000,2899062.0,1449.531,0,1,0.0,1.0
2024,119368.0,58.976284584980235,2024,1,1.0,1.0
2000,2901031.0,1450.5155,0,1,0.0,1.0
2000,2898295.0,1449.1475,0,1,0.0,1.0
2000,2898557.0,1449.2785,0,1,0.0,1.0
29,19310.0,665.8620689655172,0,4,0.0,0.0
2202,130218.0,59.13623978201635,2202,1,1.0,1.0
30,20257.0,675.2333333333333,0,4,0.0,0.0
32,20832.0,651.0,0,4,0.0,0.0
1804,115456.0,64.0,0,1,0.0,1.0
26,17888.0,688.0,0,4,0.0,0.0
1770,104503.0,59.041242937853106,1770,1,1.0,1.0
31,25052.0,808.1290322580645,0,4,0.0,0.0
1270,1778000.0,1400.0,0,1258,0.0,1.0
2000,2899453.0,1449.7265,0,1,0.0,0.0
31,18394.0,593.3548387096774,0,4,0.0,0.0
41,27851.0,679.2926829268292,0,4,0.0,0.0
2000,2899201.0,1449.6005,0,1,0.0,1.0
26,19259.0,740.7307692307693,0,4,0.0,0.0
26,20642.0,793.9230769230769,0,4,0.0,0.0
2000,2900816.0,1450.408,0,1,0.0,0.0
2000,2899981.0,1449.9905,0,1,0.0,1.0
2000,2899680.0,1449.84,0,1,0.0,0.0
34,25713.0,756.2647058823529,0,4,0.0,0.0
2145,137280.0,64.0,0,1,0.0,1.0
2000,2899063.0,1449.5315,0,1,0.0,0.0
34,26090.0,767.3529411764706,0,4,0.0,0.0
1759,103687.0,58.94656054576464,1759,1,1.0,1.0
34,23459.0,689.9705882352941,0,4,0.0,0.0
1810,115840.0,64.0,0,1,0.0,1.0
25,21565.0,862.6,0,4,0.0,0.0
1947,124608.0,64.0,0,1,0.0,1.0
2000,2900408.0,1450.204,0,1,0.0,0.0
32,20199.0,631.21875,0,4,0.0,0.0
30,22969.0,765.6333333333333,0,4,0.0,0.0
1222,1710800.0,1400.0,0,1210,0.0,1.0
40,34401.0,860.025,0,4,0.0,0.0
2000,2900082.0,1450.041,0,1,0.0,1.0
2000,2899659.0,1449.8295,0,1,0.0,1.0
30,19243.0,641.4333333333333,0,4,0.0,0.0
31,20868.0,673.1612903225806,0,4,0.0,0.0
35,19967.0,570.4857142857143,0,4,0.0,0.0
24,13568.0,565.3333333333334,0,4,0.0,0.0
25,17772.0,710.88,0,4,0.0,0.0
37,26269.0,709.972972972973,0,4,0.0,0.0
2000,2901530.0,1450.765,0,1,0.0,1.0
26,18706.0,719.4615384615385,0,4,0.0,0.0
2000,2899482.0,1449.741,0,1,0.0,0.0
29,21025.0,725.0,0,4,0.0,0.0
2000,2901376.0,1450.688,0,1,0.0,0.0
2000,2897929.0,1448.9645,0,1,0.0,0.0
35,24561.0,701.7428571428571,0,4,0.0,0.0
1754,2455600.0,1400.0,0,1730,0.0,1.0
35,23058.0,658.8,0,4,0.0,0.0
2000,2899553.0,1449.7765,0,1,0.0,0.0
32,19286.0,602.6875,0,4,0.0,0.0
2000,2899974.0,1449.987,0,1,0.0,0.0
2000,2900244.0,1450.122,0,1,0.0,1.0
29,19690.0,678.9655172413793,0,4,0.0,0.0
42,22925.0,545.8333333333334,0,4,0.0,0.0
24,12982.0,540.9166666666666,0,4,0.0,0.0
2000,2897530.0,1448.765,0,1,0.0,1.0
2000,2898839.0,1449.4195,0,1,0.0,0.0
32,17961.0,561.28125,0,4,0.0,0.0
2000,2900686.0,1450.343,0,1,0.0,1.0
2000,2902322.0,1451.161,0,1,0.0,0.0
31,27220.0,878.0645161290323,0,4,0.0,0.0
27,19705.0,729.8148148148148,0,4,0.0,0.0
1295,1813000.0,1400.0,0,1284,0.0,1.0
2000,2899410.0,1449.705,0,1,0.0,1.0
42,30887.0,735.4047619047619,0,4,0.0,0.0
2326,137011.0,58.90412725709373,2326,1,1.0,1.0
34,29858.0,878.1764705882352,0,4,0.0,0.0
32,17899.0,559.34375,0,4,0.0,0.0
2000,2900612.0,1450.306,0,1,0.0,0.0
2000,2900239.0,1450.1195,0,1,0.0,1.0
35,23719.0,677.6857142857143,0,4,0.0,0.0
2000,2900137.0,1450.0685,0,1,0.0,1.0
46,29131.0,633.2826086956521,0,4,0.0,0.0
46,39598.0,860.8260869565217,0,4,0.0,0.0
27,20129.0,745.5185185185185,0,4,0.0,0.0
2000,2900282.0,1450.141,0,1,0.0,0.0
2218,130977.0,59.05184851217313,2218,1,1.0,1.0
2000,2900977.0,1450.4885,0,1,0.0,1.0
2000,2898787.0,1449.3935,0,1,0.0,0.0
32,18705.0,584.53125,0,4,0.0,0.0
2000,2899558.0,1449.779,0,1,0.0,1.0
2000,2901735.0,1450.8675,0,1,0.0,0.0
30,21197.0,706.5666666666667,0,4,0.0,0.0
2000,2900844.0,1450.422,0,1,0.0,1.0
2000,2899639.0,1449.8195,0,1,0.0,0.0
29,25678.0,885.448275862069,0,4,0.0,0.0
1740,102477.0,58.894827586206894,1740,1,1.0,1.0
32,23894.0,746.6875,0,4,0.0,0.0
36,28261.0,785.0277777777778,0,4,0.0,0.0
38,22868.0,601.7894736842105,0,4,0.0,0.0
35,20082.0,573.7714285714286,0,4,0.0,0.0
1596,2234400.0,1400.0,0,1575,0.0,1.0
44,32544.0,739.6363636363636,0,4,0.0,0.0
2000,2899589.0,1449.7945,0,1,0.0,0.0
34,21246.0,624.8823529411765,0,4,0.0,0.0
30,20972.0,699.0666666666667,0,4,0.0,0.0
2000,2899626.0,1449.813,0,1,0.0,1.0
32,23984.0,749.5,0,4,0.0,0.0
31,20804.0,671.0967741935484,0,4,0.0,0.0
2000,2899892.0,1449.946,0,1,0.0,1.0
2000,2900331.0,1450.1655,0,1,0.0,1.0
1794,114816.0,64.0,0,1,0.0,1.0
29,19848.0,684.4137931034483,0,4,0.0,0.0
30,27426.0,914.2,0,4,0.0,0.0
2328,137563.0,59.090635738831615,2328,1,1.0,1.0
2000,2901208.0,1450.604,0,1,0.0,0.0
2313,136474.0,59.00302637267618,2313,1,1.0,1.0
33,31169.0,944.5151515151515,0,4,0.0,0.0
29,15646.0,539.5172413793103,0,4,0.0,0.0
1736,2430400.0,1400.0,0,1725,0.0,1.0
2000,2898883.0,1449.4415,0,1,0.0,0.0
2000,2900537.0,1450.2685,0,1,0.0,0.0
2000,2900728.0,1450.364,0,1,0.0,0.0
2000,2900428.0,1450.214,0,1,0.0,1.0
32,27171.0,849.09375,0,4,0.0,0.0
1959,115675.0,59.04798366513527,1959,1,1.0,1.0
2000,2901688.0,1450.844,0,1,0.0,0.0
43,28287.0,657.8372093023256,0,4,0.0,0.0
40,25425.0,635.625,0,4,0.0,0.0
2194,129298.0,58.93254329990884,2194,1,1.0,1.0
2000,2900517.0,1450.2585,0,1,0.0,1.0
34,19871.0,584.4411764705883,0,4,0.0,0.0
1709,109376.0,64.0,0,1,0.0,1.0
34,24303.0,714.7941176470588,0,4,0.0,0.0
2275,134254.0,59.01274725274725,2275,1,1.0,1.0
2000,2901735.0,1450.8675,0,1,0.0,1.0
28,18764.0,670.1428571428571,0,4,0.0,0.0
45,36288.0,806.4,0,4,0.0,0.0
25,15781.0,631.24,0,4,0.0,0.0
31,31252.0,1008.1290322580645,0,4,0.0,0.0
41,22081.0,538.560975609756,0,4,0.0,0.0
32,15448.0,482.75,0,4,0.0,0.0
1692,99957.0,59.076241134751776,1692,1,1.0,1.0
30,20943.0,698.1,0,4,0.0,0.0
2000,2902107.0,1451.0535,0,1,0.0,1.0
2000,2899364.0,1449.682,0,1,0.0,0.0
2000,2899571.0,1449.7855,0,1,0.0,0.0
1511,2115400.0,1400.0,0,1489,0.0,1.0
2000,2898473.0,1449.2365,0,1,0.0,1.0
28,19254.0,687.6428571428571,0,4,0.0,0.0
2000,2898409.0,1449.2045,0,1,0.0,0.0
32,27451.0,857.84375,0,4,0.0,0.0
2000,2900156.0,1450.078,0,1,0.0,1.0
27,18044.0,668.2962962962963,0,4,0.0,0.0
27,20609.0,763.2962962962963,0,4,0.0,0.0
2000,2900502.0,1450.251,0,1,0.0,0.0
27,19477.0,721.3703703703703,0,4,0.0,0.0
34,21165.0,622.5,0,4,0.0,0.0
2000,2901124.0,1450.562,0,1,0.0,1.0
2000,2897758.0,1448.879,0,1,0.0,0.0
1742,2438800.0,1400.0,0,1728,0.0,1.0
2000,2902623.0,1451.3115,0,1,0.0,0.0
2000,2900562.0,1450.281,0,1,0.0,1.0
29,23038.0,794.4137931034483,0,4,0.0,0.0
2000,2900617.0,1450.3085,0,1,0.0,0.0
2000,2898979.0,1449.4895,0,1,0.0,0.0
32,27697.0,865.53125,0,4,0.0,0.0
24,15434.0,643.0833333333334,0,4,0.0,0.0
1852,109197.0,58.96166306695464,1852,1,1.0,1.0
24,20347.0,847.7916666666666,0,4,0.0,0.0
30,23522.0,784.0666666666667,0,4,0.0,0.0
26,18266.0,702.5384615384615,0,4,0.0,0.0
1762,104017.0,59.033484676503974,1762,1,1.0,1.0
25,17254.0,690.16,0,4,0.0,0.0
34,22411.0,659.1470588235294,0,4,0.0,0.0
2000,2900576.0,1450.288,0,1,0.0,1.0
2000,2899358.0,1449.679,0,1,0.0,0.0
31,19264.0,621.4193548387096,0,3,0.0,0.0
33,21344.0,646.7878787878788,0,4,0.0,0.0
2000,2901719.0,1450.8595,0,1,0.0,1.0
27,14515.0,537.5925925925926,0,4,0.0,0.0
29,20311.0,700.3793103448276,0,4,0.0,0.0
46,33101.0,719.5869565217391,0,4,0.0,0.0
27,19136.0,708.7407407407408,0,4,0.0,0.0
34,29487.0,867.2647058823529,0,4,0.0,0.0
2000,2898927.0,1449.4635,0,1,0.0,0.0
45,26157.0,581.2666666666667,0,4,0.0,0.0
2000,2899353.0,1449.6765,0,1,0.0,0.0
28,18038.0,644.2142857142857,0,4,0.0,0.0
41,32661.0,796.609756097561,0,4,0.0,0.0
30,22003.0,733.4333333333333,0,4,0.0,0.0
2000,2900481.0,1450.2405,0,1,0.0,0.0
1920,113275.0,58.997395833333336,1920,1,1.0,1.0
2000,2901439.0,1450.7195,0,1,0.0,1.0
1765,112960.0,64.0,0,1,0.0,1.0
41,30515.0,744.2682926829268,0,4,0.0,0.0
25,17508.0,700.32,0,4,0.0,0.0
2305,135930.0,58.971800433839476,2305,1,1.0,1.0
40,31311.0,782.775,0,4,0.0,0.0
2000,2899253.0,1449.6265,0,1,0.0,0.0
2000,2901978.0,1450.989,0,1,0.0,0.0
2000,2898873.0,1449.4365,0,1,0.0,0.0
2000,2899470.0,1449.735,0,1,0.0,0.0
2000,2899569.0,1449.7845,0,1,0.0,0.0
2000,2898184.0,1449.092,0,1,0.0,1.0
2000,2901293.0,1450.6465,0,1,0.0,0.0
1952,115430.0,59.13422131147541,1952,1,1.0,1.0
35,29974.0,856.4,0,4,0.0,0.0
2000,2900078.0,1450.039,0,1,0.0,0.0
2000,2897141.0,1448.5705,0,1,0.0,0.0
30,19838.0,661.2666666666667,0,4,0.0,0.0
28,16224.0,579.4285714285714,0,4,0.0,0.0
2000,2899146.0,1449.573,0,1,0.0,0.0
2000,2901423.0,1450.7115,0,1,0.0,0.0
1257,1759800.0,1400.0,0,1247,0.0,1.0
30,16387.0,546.2333333333333,0,4,0.0,0.0
2000,2899654.0,1449.827,0,1,0.0,1.0
30,22348.0,744.9333333333333,0,4,0.0,0.0
30,20247.0,674.9,0,4,0.0,0.0
2000,2900753.0,1450.3765,0,1,0.0,0.0
2000,2901174.0,1450.587,0,1,0.0,0.0
2000,2899071.0,1449.5355,0,1,0.0,1.0
1813,106964.0,58.99834528405957,1813,1,1.0,1.0
27,20767.0,769.1481481481482,0,4,0.0,0.0
34,25981.0,764.1470588235294,0,4,0.0,0.0
2000,2899776.0,1449.888,0,1,0.0,0.0
32,25497.0,796.78125,0,4,0.0,0.0
24,15833.0,659.7083333333334,0,4,0.0,0.0
38,27148.0,714.421052631579,0,4,0.0,0.0
2000,2897804.0,1448.902,0,1,0.0,0.0
2000,2901014.0,1450.507,0,1,0.0,1.0
2000,2899630.0,1449.815,0,1,0.0,0.0
2000,2902898.0,1451.449,0,1,0.0,1.0
31,30799.0,993.516129032258,0,4,0.0,0.0
46,31723.0,689.6304347826087,0,4,0.0,0.0
1926,113643.0,59.004672897196265,1926,1,1.0,1.0
33,27465.0,832.2727272727273,0,4,0.0,0.0
27,16623.0,615.6666666666666,0,4,0.0,0.0
35,26723.0,763.5142857142857,0,4,0.0,0.0
24,21246.0,885.25,0,4,0.0,0.0
25,18006.0,720.24,0,4,0.0,0.0
31,20879.0,673.516129032258,0,4,0.0,0.0
2000,2899285.0,1449.6425,0,1,0.0,1.0
2000,2899930.0,1449.965,0,1,0.0,0.0
1386,1940400.0,1400.0,0,1365,0.0,1.0
2000,2900754.0,1450.377,0,1,0.0,0.0
40,32260.0,806.5,0,4,0.0,0.0
32,22246.0,695.1875,0,4,0.0,0.0
2000,2899060.0,1449.53,0,1,0.0,0.0
25,16416.0,656.64,0,4,0.0,0.0
25,18387.0,735.48,0,4,0.0,0.0
2000,2903213.0,1451.6065,0,1,0.0,0.0
1234,1727600.0,1400.0,0,1220,0.0,1.0
2137,136768.0,64.0,0,1,0.0,1.0
2000,2898474.0,1449.237,0,1,0.0,0.0
2000,2899172.0,1449.586,0,1,0.0,0.0
1275,1785000.0,1400.0,0,1268,0.0,1.0
27,18776.0,695.4074074074074,0,4,0.0,0.0
2000,2901804.0,1450.902,0,1,0.0,1.0
27,16747.0,620.2592592592592,0,4,0.0,0.0
38,26910.0,708.1578947368421,0,4,0.0,0.0
29,23139.0,797.8965517241379,0,4,0.0,0.0
2000,2899046.0,1449.523,0,1,0.0,0.0
45,28593.0,635.4,0,4,0.0,0.0
27,20652.0,764.8888888888889,0,4,0.0,0.0
25,17411.0,696.44,0,4,0.0,0.0
38,28319.0,745.2368421052631,0,4,0.0,0.0
2000,2899093.0,1449.5465,0,1,0.0,0.0
45,32440.0,720.8888888888889,0,4,0.0,0.0
30,21442.0,714.7333333333333,0,4,0.0,0.0
1214,1699600.0,1400.0,0,1201,0.0,1.0
25,17956.0,718.24,0,4,0.0,0.0
28,18858.0,673.5,0,4,0.0,0.0
44,25813.0,586.6590909090909,0,4,0.0,0.0
36,24191.0,671.9722222222222,0,4,0.0,0.0
32,24174.0,755.4375,0,4,0.0,0.0
1389,1944600.0,1400.0,0,1373,0.0,1.0
2000,2896813.0,1448.4065,0,1,0.0,1.0
27,12786.0,473.55555555555554,0,4,0.0,0.0
33,28001.0,848.5151515151515,0,4,0.0,0.0
30,22036.0,734.5333333333333,0,4,0.0,0.0
2000,2898781.0,1449.3905,0,1,0.0,0.0
30,17807.0,593.5666666666667,0,4,0.0,0.0
29,20475.0,706.0344827586207,0,4,0.0,0.0
34,21298.0,626.4117647058823,0,4,0.0,0.0
1861,109554.0,58.868350349274586,1861,1,1.0,1.0
2000,2899671.0,1449.8355,0,1,0.0,0.0
2322,136943.0,58.97631352282515,2322,1,1.0,1.0
35,31849.0,909.9714285714285,0,4,0.0,0.0
47,37449.0,796.7872340425532,0,4,0.0,0.0
1939,114377.0,58.98762248581743,1939,1,1.0,1.0
2000,2898101.0,1449.0505,0,1,0.0,0.0
2000,2900773.0,1450.3865,0,1,0.0,0.0
34,22492.0,661.5294117647059,0,4,0.0,0.0
2000,2900020.0,1450.01,0,1,0.0,1.0
34,25481.0,749.4411764705883,0,3,0.0,0.0
34,23651.0,695.6176470588235,0,4,0.0,0.0
2071,132544.0,64.0,0,1,0.0,1.0
1331,1863400.0,1400.0,0,1319,0.0,1.0
2333,137749.0,59.0437205315045,2333,1,1.0,1.0
1900,112120.0,59.01052631578948,1900,1,1.0,1.0
24,12061.0,502.5416666666667,0,4,0.0,0.0
47,28952.0,616.0,0,4,0.0,0.0
2000,2899183.0,1449.5915,0,1,0.0,0.0
2000,2898756.0,1449.378,0,1,0.0,1.0
24,13047.0,543.625,0,4,0.0,0.0
2000,2897644.0,1448.822,0,1,0.0,0.0
31,24017.0,774.741935483871,0,4,0.0,0.0
2000,2898364.0,1449.182,0,1,0.0,1.0
24,15048.0,627.0,0,4,0.0,0.0
24,15502.0,645.9166666666666,0,4,0.0,0.0
28,16061.0,573.6071428571429,0,4,0.0,0.0
26,20310.0,781.1538461538462,0,4,0.0,0.0
34,26112.0,768.0,0,4,0.0,0.0
2000,2899597.0,1449.7985,0,1,0.0,1.0
34,28445.0,836.6176470588235,0,4,0.0,0.0
30,20034.0,667.8,0,4,0.0,0.0
27,23185.0,858.7037037037037,0,4,0.0,0.0
31,29536.0,952.7741935483871,0,4,0.0,0.0
2000,2899553.0,1449.7765,0,1,0.0,1.0
31,18668.0,602.1935483870968,0,4,0.0,0.0
2000,2900324.0,1450.162,0,1,0.0,0.0
24,16694.0,695.5833333333334,0,4,0.0,0.0
31,21088.0,680.258064516129,0,4,0.0,0.0
2000,2901352.0,1450.676,0,1,0.0,1.0
1920,113150.0,58.932291666666664,1920,1,1.0,1.0
45,27468.0,610.4,0,4,0.0,0.0
32,17256.0,539.25,0,4,0.0,0.0
39,19623.0,503.15384615384613,0,4,0.0,0.0
34,19162.0,563.5882352941177,0,4,0.0,0.0
24,19778.0,824.0833333333334,0,4,0.0,0.0
24,11317.0,471.5416666666667,0,4,0.0,0.0
25,17126.0,685.04,0,4,0.0,0.0
2000,2898380.0,1449.19,0,1,0.0,1.0
33,17465.0,529.2424242424242,0,4,0.0,0.0
34,23328.0,686.1176470588235,0,4,0.0,0.0
2000,2901971.0,1450.9855,0,1,0.0,1.0
25,14172.0,566.88,0,4,0.0,0.0
32,19931.0,622.84375,0,4,0.0,0.0
24,16018.0,667.4166666666666,0,4,0.0,0.0
35,25217.0,720.4857142857143,0,4,0.0,0.0
26,17481.0,672.3461538461538,0,4,0.0,0.0
30,23814.0,793.8,0,4,0.0,0.0
30,25038.0,834.6,0,4,0.0,0.0
1743,2440200.0,1400.0,0,1715,0.0,1.0
35,24813.0,708.9428571428572,0,4,0.0,0.0
30,23030.0,767.6666666666666,0,4,0.0,0.0
29,23601.0,813.8275862068965,0,4,0.0,0.0
42,28007.0,666.8333333333334,0,4,0.0,0.0
35,24667.0,704.7714285714286,0,4,0.0,0.0
1522,2130800.0,1400.0,0,1502,0.0,1.0
35,18645.0,532.7142857142857,0,4,0.0,0.0
35,28237.0,806.7714285714286,0,4,0.0,0.0
1627,95934.0,58.963736939151815,1627,1,1.0,1.0
32,22641.0,707.53125,0,4,0.0,0.0
24,13545.0,564.375,0,4,0.0,0.0
1859,109854.0,59.09306078536848,1859,1,1.0,1.0
27,20656.0,765.0370370370371,0,4,0.0,0.0
2000,2901064.0,1450.532,0,1,0.0,0.0
33,17599.0,533.3030303030303,0,4,0.0,0.0
31,25841.0,833.5806451612904,0,4,0.0,0.0
46,35860.0,779.5652173913044,0,4,0.0,0.0
25,13317.0,532.68,0,4,0.0,0.0
32,22183.0,693.21875,0,4,0.0,0.0
2000,2900740.0,1450.37,0,1,0.0,0.0
2000,2900788.0,1450.394,0,1,0.0,0.0
26,14452.0,555.8461538461538,0,4,0.0,0.0
29,18974.0,654.2758620689655,0,4,0.0,0.0
35,31874.0,910.6857142857143,0,4,0.0,0.0
31,19047.0,614.4193548387096,0,4,0.0,0.0
41,30624.0,746.9268292682926,0,4,0.0,0.0
45,29604.0,657.8666666666667,0,4,0.0,0.0
1726,101754.0,58.95365005793743,1726,1,1.0,1.0
2000,2897934.0,1448.967,0,1,0.0,1.0
25,13527.0,541.08,0,4,0.0,0.0
2000,2899413.0,1449.7065,0,1,0.0,1.0
2000,2898737.0,1449.3685,0,1,0.0,1.0
25,18907.0,756.28,0,4,0.0,0.0
47,32488.0,691.2340425531914,0,4,0.0,0.0
28,18230.0,651.0714285714286,0,4,0.0,0.0
24,18330.0,763.75,0,4,0.0,0.0
1720,110080.0,64.0,0,1,0.0,1.0
2000,2900662.0,1450.331,0,1,0.0,1.0
1281,1793400.0,1400.0,0,1268,0.0,1.0
29,26051.0,898.3103448275862,0,4,0.0,0.0
33,17218.0,521.7575757575758,0,4,0.0,0.0
29,21904.0,755.3103448275862,0,4,0.0,0.0
2000,2899416.0,1449.708,0,1,0.0,0.0
32,24970.0,780.3125,0,4,0.0,0.0
2000,2902192.0,1451.096,0,1,0.0,0.0
25,17594.0,703.76,0,4,0.0,0.0
2000,2900080.0,1450.04,0,1,0.0,0.0
2000,2900954.0,1450.477,0,1,0.0,0.0
2399,141733.0,59.08003334722801,2399,1,1.0,1.0
27,16697.0,618.4074074074074,0,4,0.0,0.0
35,24024.0,686.4,0,4,0.0,0.0
32,25620.0,800.625,0,4,0.0,0.0
1619,103616.0,64.0,0,1,0.0,1.0
28,22615.0,807.6785714285714,0,4,0.0,0.0
33,28521.0,864.2727272727273,0,4,0.0,0.0
33,19652.0,595.5151515151515,0,4,0.0,0.0
45,23029.0,511.75555555555553,0,4,0.0,0.0
35,22976.0,656.4571428571429,0,4,0.0,0.0
2000,2898785.0,1449.3925,0,1,0.0,1.0
2000,2901431.0,1450.7155,0,1,0.0,1.0
45,34594.0,768.7555555555556,0,4,0.0,0.0
33,13707.0,415.3636363636364,0,4,0.0,0.0
2000,2899183.0,1449.5915,0,1,0.0,1.0
27,18050.0,668.5185185185185,0,4,0.0,0.0
28,15946.0,569.5,0,4,0.0,0.0
2000,2900497.0,1450.2485,0,1,0.0,0.0
2323,137160.0,59.04433921653035,2323,1,1.0,1.0
36,25146.0,698.5,0,4,0.0,0.0
26,13535.0,520.5769230769231,0,4,0.0,0.0
31,16705.0,538.8709677419355,0,4,0.0,0.0
1535,2149000.0,1400.0,0,1518,0.0,1.0
2000,2899859.0,1449.9295,0,1,0.0,0.0
36,22847.0,634.6388888888889,0,4,0.0,0.0
26,15494.0,595.9230769230769,0,4,0.0,0.0
1699,100270.0,59.01706886403767,1699,1,1.0,1.0
37,30585.0,826.6216216216217,0,4,0.0,0.0
25,19753.0,790.12,0,4,0.0,0.0
2000,2900173.0,1450.0865,0,1,0.0,1.0
29,19093.0,658.3793103448276,0,4,0.0,0.0
33,31768.0,962.6666666666666,0,4,0.0,0.0
33,25281.0,766.0909090909091,0,4,0.0,0.0
2000,2896497.0,1448.2485,0,1,0.0,1.0
34,23198.0,682.2941176470588,0,4,0.0,0.0
30,17165.0,572.1666666666666,0,4,0.0,0.0
2000,2898560.0,1449.28,0,1,0.0,0.0
34,17186.0,505.47058823529414,0,4,0.0,0.0
1981,126784.0,64.0,0,1,0.0,1.0
34,24269.0,713.7941176470588,0,4,0.0,0.0
27,19324.0,715.7037037037037,0,4,0.0,0.0
28,20354.0,726.9285714285714,0,4,0.0,0.0
1659,106176.0,64.0,0,1,0.0,1.0
29,13992.0,482.48275862068965,0,4,0.0,0.0
24,22135.0,922.2916666666666,0,4,0.0,0.0
1604,94852.0,59.13466334164588,1604,1,1.0,1.0
32,26101.0,815.65625,0,4,0.0,0.0
2000,2899096.0,1449.548,0,1,0.0,0.0
29,21690.0,747.9310344827586,0,4,0.0,0.0
2000,2897322.0,1448.661,0,1,0.0,1.0
33,20599.0,624.2121212121212,0,4,0.0,0.0
29,21770.0,750.6896551724138,0,4,0.0,0.0
47,33631.0,715.5531914893617,0,4,0.0,0.0
42,31383.0,747.2142857142857,0,4,0.0,0.0
26,22590.0,868.8461538461538,0,4,0.0,0.0
26,15979.0,614.5769230769231,0,4,0.0,0.0
25,14165.0,566.6,0,4,0.0,0.0
46,34265.0,744.8913043478261,0,4,0.0,0.0
36,23058.0,640.5,0,4,0.0,0.0
1439,2014600.0,1400.0,0,1422,0.0,1.0
31,20199.0,651.5806451612904,0,4,0.0,0.0
34,23106.0,679.5882352941177,0,4,0.0,0.0
1642,105088.0,64.0,0,1,0.0,1.0
29,24621.0,849.0,0,4,0.0,0.0
28,20465.0,730.8928571428571,0,4,0.0,0.0
45,29178.0,648.4,0,4,0.0,0.0
34,17370.0,510.88235294117646,0,4,0.0,0.0
30,14934.0,497.8,0,4,0.0,0.0
2000,2901964.0,1450.982,0,1,0.0,1.0
2000,2899499.0,1449.7495,0,1,0.0,0.0
2000,2899061.0,1449.5305,0,1,0.0,0.0
30,18686.0,622.8666666666667,0,4,0.0,0.0
2000,2901850.0,1450.925,0,1,0.0,1.0
2000,2899329.0,1449.6645,0,1,0.0,1.0
2000,2902923.0,1451.4615,0,1,0.0,0.0
28,19778.0,706.3571428571429,0,4,0.0,0.0
28,20878.0,745.6428571428571,0,4,0.0,0.0
39,31844.0,816.5128205128206,0,4,0.0,0.0
1700,2380000.0,1400.0,0,1681,0.0,1.0
36,22603.0,627.8611111111111,0,4,0.0,0.0
2000,2901117.0,1450.5585,0,1,0.0,1.0
2000,2901142.0,1450.571,0,1,0.0,0.0
1951,115111.0,59.001025115325476,1951,1,1.0,1.0
35,24642.0,704.0571428571428,0,4,0.0,0.0
1446,2024400.0,1400.0,0,1436,0.0,1.0
2000,2900881.0,1450.4405,0,1,0.0,0.0
2000,2901445.0,1450.7225,0,1,0.0,0.0
32,22538.0,704.3125,0,4,0.0,0.0
38,26151.0,688.1842105263158,0,4,0.0,0.0
2000,2901124.0,1450.562,0,1,0.0,0.0
28,21266.0,759.5,0,4,0.0,0.0
35,22474.0,642.1142857142858,0,4,0.0,0.0
2135,136640.0,64.0,0,1,0.0,1.0
1346,1884400.0,1400.0,0,1333,0.0,1.0
28,18861.0,673.6071428571429,0,4,0.0,0.0
45,33358.0,741.2888888888889,0,4,0.0,0.0
33,20014.0,606.4848484848485,0,4,0.0,0.0
33,22451.0,680.3333333333334,0,4,0.0,0.0
2000,2900127.0,1450.0635,0,1,0.0,0.0
24,20760.0,865.0,0,4,0.0,0.0
2000,2898223.0,1449.1115,0,1,0.0,1.0
40,35940.0,898.5,0,4,0.0,0.0
29,22670.0,781.7241379310345,0,4,0.0,0.0
31,20480.0,660.6451612903226,0,4,0.0,0.0
1815,116160.0,64.0,0,1,0.0,1.0
28,21740.0,776.4285714285714,0,4,0.0,0.0
30,16980.0,566.0,0,4,0.0,0.0
28,16958.0,605.6428571428571,0,4,0.0,0.0
33,23729.0,719.060606060606,0,4,0.0,0.0
2000,2899416.0,1449.708,0,1,0.0,1.0
29,14925.0,514.6551724137931,0,4,0.0,0.0
37,25783.0,696.8378378378378,0,4,0.0,0.0
43,29899.0,695.3255813953489,0,4,0.0,0.0
28,17909.0,639.6071428571429,0,4,0.0,0.0
1355,1897000.0,1400.0,0,1339,0.0,1.0
31,20967.0,676.3548387096774,0,4,0.0,0.0
2000,2899270.0,1449.635,0,1,0.0,0.0
2000,2900858.0,1450.429,0,1,0.0,1.0
1605,102720.0,64.0,0,1,0.0,1.0
29,18305.0,631.2068965517242,0,4,0.0,0.0
35,20633.0,589.5142857142857,0,4,0.0,0.0
1920,122880.0,64.0,0,1,0.0,1.0
2000,2900925.0,1450.4625,0,1,0.0,0.0
28,20434.0,729.7857142857143,0,4,0.0,0.0
33,20662.0,626.1212121212121,0,4,0.0,0.0
1624,103936.0,64.0,0,1,0.0,1.0
31,21617.0,697.3225806451613,0,4,0.0,0.0
2000,2899933.0,1449.9665,0,1,0.0,1.0
2371,139948.0,59.02488401518347,2371,1,1.0,1.0
43,36505.0,848.953488372093,0,4,0.0,0.0
2000,2899952.0,1449.976,0,1,0.0,0.0
2000,2899687.0,1449.8435,0,1,0.0,1.0
2000,2900676.0,1450.338,0,1,0.0,0.0
1603,102592.0,64.0,0,1,0.0,1.0
30,26650.0,888.3333333333334,0,4,0.0,0.0
29,23906.0,824.3448275862069,0,4,0.0,0.0
38,25880.0,681.0526315789474,0,4,0.0,0.0
33,26276.0,796.2424242424242,0,4,0.0,0.0
30,28146.0,938.2,0,4,0.0,0.0
40,25786.0,644.65,0,4,0.0,0.0
31,23470.0,757.0967741935484,0,4,0.0,0.0
29,23919.0,824.7931034482758,0,4,0.0,0.0
38,18489.0,486.55263157894734,0,4,0.0,0.0
1844,118016.0,64.0,0,1,0.0,1.0
31,17035.0,549.516129032258,0,4,0.0,0.0
35,25331.0,723.7428571428571,0,4,0.0,0.0
44,32742.0,744.1363636363636,0,4,0.0,0.0
2000,2899188.0,1449.594,0,1,0.0,0.0
28,20378.0,727.7857142857143,0,4,0.0,0.0
28,18165.0,648.75,0,4,0.0,0.0
2000,2899297.0,1449.6485,0,1,0.0,0.0
2000,2901521.0,1450.7605,0,1,0.0,1.0
1698,108672.0,64.0,0,1,0.0,1.0
28,22620.0,807.8571428571429,0,4,0.0,0.0
2000,2900496.0,1450.248,0,1,0.0,1.0
45,31175.0,692.7777777777778,0,4,0.0,0.0
34,27485.0,808.3823529411765,0,4,0.0,0.0
34,21159.0,622.3235294117648,0,4,0.0,0.0
26,16071.0,618.1153846153846,0,4,0.0,0.0
35,21422.0,612.0571428571428,0,4,0.0,0.0
30,26189.0,872.9666666666667,0,4,0.0,0.0
2141,126645.0,59.15226529659038,2141,1,1.0,1.0
1924,113342.0,58.90956340956341,1924,1,1.0,1.0
29,21702.0,748.3448275862069,0,4,0.0,0.0
34,26546.0,780.7647058823529,0,4,0.0,0.0
2000,2898183.0,1449.0915,0,1,0.0,1.0
2000,2900806.0,1450.403,0,1,0.0,0.0
2000,2899963.0,1449.9815,0,1,0.0,1.0
2056,121351.0,59.02285992217899,2056,1,1.0,1.0
2337,138137.0,59.108686350021394,2337,1,1.0,1.0
1541,2157400.0,1400.0,0,1530,0.0,1.0
32,18221.0,569.40625,0,4,0.0,0.0
2000,2900744.0,1450.372,0,1,0.0,1.0
2000,2898008.0,1449.004,0,1,0.0,1.0
2000,2900324.0,1450.162,0,1,0.0,1.0
2000,2897081.0,1448.5405,0,1,0.0,0.0
25,19833.0,793.32,0,4,0.0,0.0
1813,107061.0,59.05184776613348,1813,1,1.0,1.0
24,12764.0,531.8333333333334,0,4,0.0,0.0
27,14538.0,538.4444444444445,0,4,0.0,0.0
31,24928.0,804.1290322580645,0,4,0.0,0.0
2000,2898404.0,1449.202,0,1,0.0,0.0
30,23885.0,796.1666666666666,0,4,0.0,0.0
35,24322.0,694.9142857142857,0,4,0.0,0.0
26,14793.0,568.9615384615385,0,4,0.0,0.0
1873,119872.0,64.0,0,1,0.0,1.0
1757,103444.0,58.875355719977236,1757,1,1.0,1.0
29,24471.0,843.8275862068965,0,4,0.0,0.0
24,19068.0,794.5,0,4,0.0,0.0
34,23410.0,688.5294117647059,0,4,0.0,0.0
42,31146.0,741.5714285714286,0,4,0.0,0.0
2000,2899426.0,1449.713,0,1,0.0,0.0
25,15458.0,618.32,0,4,0.0,0.0
29,22344.0,770.4827586206897,0,4,0.0,0.0
735,47040.0,64.0,0,1,0.0,1.0
34,22630.0,665.5882352941177,0,4,0.0,0.0
2000,2901541.0,1450.7705,0,1,0.0,1.0
33,23666.0,717.1515151515151,0,4,0.0,0.0
29,17359.0,598.5862068965517,0,4,0.0,0.0
1878,111006.0,59.108626198083066,1878,1,1.0,1.0
1749,103335.0,59.082332761578044,1749,1,1.0,1.0
34,23405.0,688.3823529411765,0,4,0.0,0.0
2334,137778.0,59.030848329048844,2334,1,1.0,1.0
2000,2902457.0,1451.2285,0,1,0.0,1.0
1560,2184000.0,1400.0,0,1537,0.0,1.0
2000,2900174.0,1450.087,0,1,0.0,1.0
35,23356.0,667.3142857142857,0,4,0.0,0.0
26,15701.0,603.8846153846154,0,4,0.0,0.0
34,22636.0,665.7647058823529,0,4,0.0,0.0
31,19786.0,638.258064516129,0,4,0.0,0.0
2000,2900243.0,1450.1215,0,1,0.0,1.0
35,30292.0,865.4857142857143,0,4,0.0,0.0
1342,1878800.0,1400.0,0,1331,0.0,1.0
1604,2245600.0,1400.0,0,1575,0.0,1.0
25,16916.0,676.64,0,4,0.0,0.0
33,25095.0,760.4545454545455,0,4,0.0,0.0
24,18784.0,782.6666666666666,0,4,0.0,0.0
35,22405.0,640.1428571428571,0,4,0.0,0.0
2000,2900716.0,1450.358,0,1,0.0,0.0
44,24249.0,551.1136363636364,0,4,0.0,0.0
29,21906.0,755.3793103448276,0,4,0.0,0.0
30,21888.0,729.6,0,4,0.0,0.0
29,25983.0,895.9655172413793,0,4,0.0,0.0
1403,1964200.0,1400.0,0,1391,0.0,1.0
32,17548.0,548.375,0,4,0.0,0.0
2000,2898762.0,1449.381,0,1,0.0,0.0
33,22628.0,685.6969696969697,0,4,0.0,0.0
2153,137792.0,64.0,0,1,0.0,1.0
28,15941.0,569.3214285714286,0,4,0.0,0.0
1994,127616.0,64.0,0,1,0.0,1.0
32,25879.0,808.71875,0,4,0.0,0.0
2000,2901163.0,1450.5815,0,1,0.0,1.0
2000,2899655.0,1449.8275,0,1,0.0,0.0
27,21275.0,787.9629629629629,0,4,0.0,0.0
34,21154.0,622.1764705882352,0,4,0.0,0.0
35,26565.0,759.0,0,4,0.0,0.0
27,19052.0,705.6296296296297,0,4,0.0,0.0
2000,2899405.0,1449.7025,0,1,0.0,0.0
39,31974.0,819.8461538461538,0,4,0.0,0.0
35,24293.0,694.0857142857143,0,4,0.0,0.0
24,19003.0,791.7916666666666,0,4,0.0,0.0
34,22757.0,669.3235294117648,0,4,0.0,0.0
28,19228.0,686.7142857142857,0,4,0.0,0.0
1923,113224.0,58.878835153406136,1923,1,1.0,1.0
25,12928.0,517.12,0,4,0.0,0.0
2000,2902721.0,1451.3605,0,1,0.0,0.0
1476,94464.0,64.0,0,1,0.0,1.0
25,18389.0,735.56,0,4,0.0,0.0
24,14234.0,593.0833333333334,0,4,0.0,0.0
25,17313.0,692.52,0,4,0.0,0.0
2000,2899428.0,1449.714,0,1,0.0,0.0
26,20429.0,785.7307692307693,0,4,0.0,0.0
35,26150.0,747.1428571428571,0,4,0.0,0.0
2000,2898354.0,1449.177,0,1,0.0,1.0
26,15383.0,591.6538461538462,0,4,0.0,0.0
34,26811.0,788.5588235294117,0,4,0.0,0.0
34,20378.0,599.3529411764706,0,4,0.0,0.0
34,23012.0,676.8235294117648,0,4,0.0,0.0
29,17376.0,599.1724137931035,0,4,0.0,0.0
2000,2900763.0,1450.3815,0,1,0.0,1.0
40,25295.0,632.375,0,4,0.0,0.0
31,23646.0,762.7741935483871,0,4,0.0,0.0
2000,2900071.0,1450.0355,0,1,0.0,1.0
2000,2900288.0,1450.144,0,1,0.0,0.0
33,25107.0,760.8181818181819,0,4,0.0,0.0
2345,138556.0,59.08571428571429,2345,1,1.0,1.0
2000,2902251.0,1451.1255,0,1,0.0,1.0
1224,1713600.0,1400.0,0,1211,0.0,1.0
1580,2212000.0,1400.0,0,1561,0.0,1.0
2000,2901942.0,1450.971,0,1,0.0,0.0
33,27518.0,833.8787878787879,0,4,0.0,0.0
33,24369.0,738.4545454545455,0,4,0.0,0.0
33,21288.0,645.0909090909091,0,4,0.0,0.0
44,25867.0,587.8863636363636,0,4,0.0,0.0
30,21686.0,722.8666666666667,0,4,0.0,0.0
30,18337.0,611.2333333333333,0,4,0.0,0.0
2000,2900479.0,1450.2395,0,1,0.0,1.0
28,23406.0,835.9285714285714,0,4,0.0,0.0
31,22926.0,739.5483870967741,0,4,0.0,0.0
2000,2899377.0,1449.6885,0,1,0.0,1.0
2000,2898375.0,1449.1875,0,1,0.0,1.0
2000,2899949.0,1449.9745,0,1,0.0,1.0
2000,2899585.0,1449.7925,0,1,0.0,0.0
33,24415.0,739.8484848484849,0,4,0.0,0.0
2000,2900932.0,1450.466,0,1,0.0,0.0
31,18147.0,585.3870967741935,0,4,0.0,0.0
1473,94272.0,64.0,0,1,0.0,1.0
32,18130.0,566.5625,0,4,0.0,0.0
2000,2900289.0,1450.1445,0,1,0.0,1.0
2000,2897738.0,1448.869,0,1,0.0,1.0
31,25917.0,836.0322580645161,0,4,0.0,0.0
2000,2899608.0,1449.804,0,1,0.0,1.0
32,17731.0,554.09375,0,4,0.0,0.0
1688,2363200.0,1400.0,0,1662,0.0,1.0
2089,133696.0,64.0,0,1,0.0,1.0
32,22118.0,691.1875,0,4,0.0,0.0
32,25606.0,800.1875,0,4,0.0,0.0
2000,2901867.0,1450.9335,0,1,0.0,0.0
44,34648.0,787.4545454545455,0,4,0.0,0.0
27,24597.0,911.0,0,4,0.0,0.0
30,23410.0,780.3333333333334,0,4,0.0,0.0
25,17390.0,695.6,0,4,0.0,0.0
2000,2898886.0,1449.443,0,1,0.0,1.0
2000,2901903.0,1450.9515,0,1,0.0,0.0
1328,1859200.0,1400.0,0,1313,0.0,1.0
26,16499.0,634.5769230769231,0,4,0.0,0.0
1383,1936200.0,1400.0,0,1370,0.0,1.0
26,21465.0,825.5769230769231,0,4,0.0,0.0
2063,121425.0,58.8584585555017,2063,1,1.0,1.0
32,24734.0,772.9375,0,4,0.0,0.0
25,20200.0,808.0,0,4,0.0,0.0
28,15152.0,541.1428571428571,0,4,0.0,0.0
2000,2900540.0,1450.27,0,1,0.0,1.0
2000,2899520.0,1449.76,0,1,0.0,1.0
29,24355.0,839.8275862068965,0,4,0.0,0.0
2000,2901953.0,1450.9765,0,1,0.0,0.0
2000,2898476.0,1449.238,0,1,0.0,0.0
39,21619.0,554.3333333333334,0,4,0.0,0.0
1771,104479.0,58.99435347261434,1771,1,1.0,1.0
1739,111296.0,64.0,0,1,0.0,1.0
35,29501.0,842.8857142857142,0,4,0.0,0.0
26,21566.0,829.4615384615385,0,4,0.0,0.0
2000,2899292.0,1449.646,0,1,0.0,0.0
2000,2901122.0,1450.561,0,1,0.0,0.0
24,17577.0,732.375,0,4,0.0,0.0
25,17522.0,700.88,0,4,0.0,0.0
30,26173.0,872.4333333333333,0,4,0.0,0.0
31,17484.0,564.0,0,4,0.0,0.0
28,14468.0,516.7142857142857,0,4,0.0,0.0
2000,2898666.0,1449.333,0,1,0.0,0.0
2000,2898222.0,1449.111,0,1,0.0,1.0
2000,2900903.0,1450.4515,0,1,0.0,1.0
27,15556.0,576.1481481481482,0,4,0.0,0.0
24,13249.0,552.0416666666666,0,4,0.0,0.0
29,19395.0,668.7931034482758,0,4,0.0,0.0
29,20888.0,720.2758620689655,0,4,0.0,0.0
25,23090.0,923.6,0,4,0.0,0.0
2000,2898232.0,1449.116,0,1,0.0,1.0
37,21049.0,568.8918918918919,0,4,0.0,0.0
29,20498.0,706.8275862068965,0,4,0.0,0.0
2000,2901138.0,1450.569,0,1,0.0,1.0
2000,2900126.0,1450.063,0,1,0.0,0.0
2370,139597.0,58.90168776371308,2370,1,1.0,1.0
31,24548.0,791.8709677419355,0,4,0.0,0.0
2000,2898268.0,1449.134,0,1,0.0,0.0
45,33847.0,752.1555555555556,0,4,0.0,0.0
27,21531.0,797.4444444444445,0,4,0.0,0.0
1445,92480.0,64.0,0,1,0.0,1.0
2000,2899561.0,1449.7805,0,1,0.0,1.0
34,27432.0,806.8235294117648,0,4,0.0,0.0
32,23375.0,730.46875,0,4,0.0,0.0
28,18806.0,671.6428571428571,0,4,0.0,0.0
28,13995.0,499.82142857142856,0,4,0.0,0.0
34,27714.0,815.1176470588235,0,4,0.0,0.0
43,31456.0,731.5348837209302,0,4,0.0,0.0
28,21664.0,773.7142857142857,0,4,0.0,0.0
1904,121856.0,64.0,0,1,0.0,1.0
2000,2898879.0,1449.4395,0,1,0.0,0.0
1538,2153200.0,1400.0,0,1517,0.0,1.0
25,16719.0,668.76,0,4,0.0,0.0
1657,106048.0,64.0,0,1,0.0,1.0
2000,2900622.0,1450.311,0,1,0.0,0.0
2000,2901271.0,1450.6355,0,1,0.0,0.0
30,20388.0,679.6,0,4,0.0,0.0
30,21999.0,733.3,0,4,0.0,0.0
2000,2900463.0,1450.2315,0,1,0.0,1.0
1778,113792.0,64.0,0,1,0.0,1.0
35,30098.0,859.9428571428572,0,4,0.0,0.0
2000,2898086.0,1449.043,0,1,0.0,0.0
2000,2899290.0,1449.645,0,1,0.0,0.0
1728,2419200.0,1400.0,0,1717,0.0,1.0
27,20144.0,746.074074074074,0,4,0.0,0.0
26,21181.0,814.6538461538462,0,4,0.0,0.0
38,26069.0,686.0263157894736,0,4,0.0,0.0
2000,2900676.0,1450.338,0,1,0.0,1.0
33,26494.0,802.8484848484849,0,4,0.0,0.0
1507,96448.0,64.0,0,1,0.0,1.0
24,16508.0,687.8333333333334,0,4,0.0,0.0
31,21913.0,706.8709677419355,0,4,0.0,0.0
34,25395.0,746.9117647058823,0,4,0.0,0.0
28,16518.0,589.9285714285714,0,4,0.0,0.0
1609,94744.0,58.88377874456184,1609,1,1.0,1.0
33,18583.0,563.1212121212121,0,4,0.0,0.0
47,35770.0,761.063829787234,0,4,0.0,0.0
37,24099.0,651.3243243243244,0,4,0.0,0.0
25,13467.0,538.68,0,4,0.0,0.0
2326,137323.0,59.038263112639726,2326,1,1.0,1.0
1515,96960.0,64.0,0,1,0.0,1.0
24,16948.0,706.1666666666666,0,4,0.0,0.0
44,30074.0,683.5,0,4,0.0,0.0
2000,2901344.0,1450.672,0,1,0.0,0.0
1484,2077600.0,1400.0,0,1466,0.0,1.0
26,14784.0,568.6153846153846,0,4,0.0,0.0
34,18718.0,550.5294117647059,0,4,0.0,0.0
33,22526.0,682.6060606060606,0,4,0.0,0.0
27,14376.0,532.4444444444445,0,4,0.0,0.0
1666,2332400.0,1400.0,0,1645,0.0,1.0
33,19331.0,585.7878787878788,0,4,0.0,0.0
26,19879.0,764.5769230769231,0,4,0.0,0.0
30,15233.0,507.76666666666665,0,4,0.0,0.0
2000,2898711.0,1449.3555,0,1,0.0,0.0
2000,2900854.0,1450.427,0,1,0.0,0.0
27,14190.0,525.5555555555555,0,4,0.0,0.0
2000,2897975.0,1448.9875,0,1,0.0,1.0
32,24221.0,756.90625,0,4,0.0,0.0
2092,123257.0,58.918260038240916,2092,1,1.0,1.0
28,18633.0,665.4642857142857,0,4,0.0,0.0
34,32056.0,942.8235294117648,0,4,0.0,0.0
2000,2899327.0,1449.6635,0,1,0.0,0.0
46,31790.0,691.0869565217391,0,4,0.0,0.0
33,25067.0,759.6060606060606,0,4,0.0,0.0
25,19514.0,780.56,0,4,0.0,0.0
2000,2900681.0,1450.3405,0,1,0.0,1.0
33,24931.0,755.4848484848485,0,4,0.0,0.0
1421,1989400.0,1400.0,0,1403,0.0,1.0
26,15819.0,608.4230769230769,0,4,0.0,0.0
2000,2898501.0,1449.2505,0,1,0.0,0.0
2000,2899050.0,1449.525,0,1,0.0,0.0
2000,2900864.0,1450.432,0,1,0.0,1.0
32,19514.0,609.8125,0,4,0.0,0.0
2000,2900764.0,1450.382,0,1,0.0,0.0
1718,109952.0,64.0,0,1,0.0,1.0
1507,2109800.0,1400.0,0,1486,0.0,1.0
24,13620.0,567.5,0,4,0.0,0.0
30,17738.0,591.2666666666667,0,4,0.0,0.0
2000,2900401.0,1450.2005,0,1,0.0,0.0
35,26147.0,747.0571428571428,0,4,0.0,0.0
2036,130304.0,64.0,0,1,0.0,1.0
25,15273.0,610.92,0,4,0.0,0.0
2000,2900921.0,1450.4605,0,1,0.0,1.0
1376,1926400.0,1400.0,0,1358,0.0,1.0
2000,2900066.0,1450.033,0,1,0.0,0.0
37,27455.0,742.027027027027,0,4,0.0,0.0
33,24485.0,741.969696969697,0,4,0.0,0.0
27,15176.0,562.074074074074,0,4,0.0,0.0
34,26772.0,787.4117647058823,0,4,0.0,0.0
41,31471.0,767.5853658536586,0,4,0.0,0.0
1801,115264.0,64.0,0,1,0.0,1.0
27,22453.0,831.5925925925926,0,4,0.0,0.0
2000,2900319.0,1450.1595,0,1,0.0,1.0
27,23305.0,863.1481481481482,0,4,0.0,0.0
26,21506.0,827.1538461538462,0,4,0.0,0.0
2000,2901213.0,1450.6065,0,1,0.0,0.0
1699,2378600.0,1400.0,0,1678,0.0,1.0
40,34486.0,862.15,0,4,0.0,0.0
42,29820.0,710.0,0,4,0.0,0.0
2000,2897722.0,1448.861,0,1,0.0,0.0
2000,2899549.0,1449.7745,0,1,0.0,1.0
26,23288.0,895.6923076923077,0,4,0.0,0.0
24,18463.0,769.2916666666666,0,4,0.0,0.0
27,22824.0,845.3333333333334,0,4,0.0,0.0
1697,108608.0,64.0,0,1,0.0,1.0
2000,2897065.0,1448.5325,0,1,0.0,1.0
1787,114368.0,64.0,0,1,0.0,1.0
30,25853.0,861.7666666666667,0,4,0.0,0.0
2000,2899867.0,1449.9335,0,1,0.0,1.0
31,18281.0,589.7096774193549,0,4,0.0,0.0
1682,2354800.0,1400.0,0,1662,0.0,1.0
1807,115648.0,64.0,0,1,0.0,1.0
28,20921.0,747.1785714285714,0,4,0.0,0.0
2000,2901418.0,1450.709,0,1,0.0,0.0
26,21947.0,844.1153846153846,0,4,0.0,0.0
47,32844.0,698.8085106382979,0,4,0.0,0.0
2000,2901058.0,1450.529,0,1,0.0,1.0
29,26460.0,912.4137931034483,0,4,0.0,0.0
1659,106176.0,64.0,0,1,0.0,1.0
33,21945.0,665.0,0,4,0.0,0.0
35,22799.0,651.4,0,4,0.0,0.0
42,25664.0,611.047619047619,0,4,0.0,0.0
2000,2898531.0,1449.2655,0,1,0.0,1.0
35,24576.0,702.1714285714286,0,4,0.0,0.0
2000,2898579.0,1449.2895,0,1,0.0,0.0
34,26287.0,773.1470588235294,0,4,0.0,0.0
1899,112012.0,58.98472880463402,1899,1,1.0,1.0
30,18550.0,618.3333333333334,0,4,0.0,0.0
2000,2899174.0,1449.587,0,1,0.0,0.0
24,16590.0,691.25,0,4,0.0,0.0
40,36264.0,906.6,0,4,0.0,0.0
34,25856.0,760.4705882352941,0,4,0.0,0.0
32,24639.0,769.96875,0,4,0.0,0.0
2000,2899637.0,1449.8185,0,1,0.0,0.0
1588,2223200.0,1400.0,0,1568,0.0,1.0
28,20213.0,721.8928571428571,0,4,0.0,0.0
35,31039.0,886.8285714285714,0,4,0.0,0.0
2000,2900846.0,1450.423,0,1,0.0,0.0
2000,2902123.0,1451.0615,0,1,0.0,0.0
33,25226.0,764.4242424242424,0,4,0.0,0.0
2000,2900125.0,1450.0625,0,1,0.0,1.0
2000,2899759.0,1449.8795,0,1,0.0,0.0
2232,131761.0,59.032706093189965,2232,1,1.0,1.0
2000,2900453.0,1450.2265,0,1,0.0,0.0
33,26043.0,789.1818181818181,0,4,0.0,0.0
24,14292.0,595.5,0,4,0.0,0.0
2000,2899146.0,1449.573,0,1,0.0,0.0
46,29565.0,642.7173913043479,0,4,0.0,0.0
1256,1758400.0,1400.0,0,1246,0.0,1.0
24,24297.0,1012.375,0,4,0.0,0.0
29,16715.0,576.3793103448276,0,4,0.0,0.0
1603,2244200.0,1400.0,0,1579,0.0,1.0
2128,136192.0,64.0,0,1,0.0,1.0
29,22577.0,778.5172413793103,0,4,0.0,0.0
1361,1905400.0,1400.0,0,1341,0.0,1.0
42,32381.0,770.9761904761905,0,4,0.0,0.0
2000,2902551.0,1451.2755,0,1,0.0,1.0
32,19746.0,617.0625,0,4,0.0,0.0
25,14261.0,570.44,0,4,0.0,0.0
27,18679.0,691.8148148148148,0,4,0.0,0.0
47,38975.0,829.2553191489362,0,4,0.0,0.0
2000,2899338.0,1449.669,0,1,0.0,0.0
24,18908.0,787.8333333333334,0,3,0.0,0.0
2000,2899413.0,1449.7065,0,1,0.0,0.0
2000,2900781.0,1450.3905,0,1,0.0,0.0
32,17301.0,540.65625,0,4,0.0,0.0
29,21890.0,754.8275862068965,0,4,0.0,0.0
28,26041.0,930.0357142857143,0,4,0.0,0.0
1403,1964200.0,1400.0,0,1378,0.0,1.0
1379,1930600.0,1400.0,0,1365,0.0,1.0
32,23913.0,747.28125,0,4,0.0,0.0
43,34108.0,793.2093023255813,0,4,0.0,0.0
34,29254.0,860.4117647058823,0,4,0.0,0.0
34,27170.0,799.1176470588235,0,4,0.0,0.0
32,18368.0,574.0,0,4,0.0,0.0
1869,110293.0,59.01177100053505,1869,1,1.0,1.0
1970,126080.0,64.0,0,1,0.0,1.0
2000,2900892.0,1450.446,0,1,0.0,1.0
44,30164.0,685.5454545454545,0,4,0.0,0.0
32,21033.0,657.28125,0,4,0.0,0.0
29,18101.0,624.1724137931035,0,4,0.0,0.0
1398,1957200.0,1400.0,0,1384,0.0,1.0
1949,115035.0,59.02257567983581,1949,1,1.0,1.0
1966,125824.0,64.0,0,1,0.0,1.0
1609,2252600.0,1400.0,0,1585,0.0,1.0
1483,2076200.0,1400.0,0,1465,0.0,1.0
42,37043.0,881.9761904761905,0,4,0.0,0.0
25,18557.0,742.28,0,4,0.0,0.0
27,22698.0,840.6666666666666,0,4,0.0,0.0
32,24642.0,770.0625,0,4,0.0,0.0
26,18912.0,727.3846153846154,0,4,0.0,0.0
1648,97457.0,59.136529126213595,1648,1,1.0,1.0
33,24798.0,751.4545454545455,0,4,0.0,0.0
28,27839.0,994.25,0,4,0.0,0.0
1397,1955800.0,1400.0,0,1380,0.0,1.0
2000,2900017.0,1450.0085,0,1,0.0,1.0
35,25865.0,739.0,0,4,0.0,0.0
36,17867.0,496.30555555555554,0,4,0.0,0.0
37,25849.0,698.6216216216217,0,4,0.0,0.0
25,19238.0,769.52,0,4,0.0,0.0
42,28263.0,672.9285714285714,0,4,0.0,0.0
2018,119033.0,58.98562933597621,2018,1,1.0,1.0
24,17044.0,710.1666666666666,0,4,0.0,0.0
34,21960.0,645.8823529411765,0,4,0.0,0.0
26,24320.0,935.3846153846154,0,4,0.0,0.0
34,21625.0,636.0294117647059,0,4,0.0,0.0
2017,129088.0,64.0,0,1,0.0,1.0
2389,141114.0,59.06822938467978,2389,1,1.0,1.0
34,31431.0,924.4411764705883,0,4,0.0,0.0
37,26483.0,715.7567567567568,0,4,0.0,0.0
2285,134618.0,58.91378555798687,2285,1,1.0,1.0
2010,128640.0,64.0,0,1,0.0,1.0
2025,119418.0,58.97185185185185,2025,1,1.0,1.0
38,23010.0,605.5263157894736,0,4,0.0,0.0
32,23979.0,749.34375,0,4,0.0,0.0
26,24470.0,941.1538461538462,0,4,0.0,0.0
41,23894.0,582.780487804878,0,4,0.0,0.0
1620,2268000.0,1400.0,0,1605,0.0,1.0
35,27263.0,778.9428571428572,0,4,0.0,0.0
2018,129152.0,64.0,0,1,0.0,1.0
26,19597.0,753.7307692307693,0,4,0.0,0.0
1913,122432.0,64.0,0,1,0.0,1.0
1777,113728.0,64.0,0,1,0.0,1.0
1646,2304400.0,1400.0,0,1628,0.0,1.0
35,26626.0,760.7428571428571,0,4,0.0,0.0
35,26708.0,763.0857142857143,0,4,0.0,0.0
37,28124.0,760.1081081081081,0,4,0.0,0.0
34,25799.0,758.7941176470588,0,4,0.0,0.0
1597,2235800.0,1400.0,0,1578,0.0,1.0
26,18659.0,717.6538461538462,0,4,0.0,0.0
24,21092.0,878.8333333333334,0,3,0.0,0.0
2000,2899661.0,1449.8305,0,1,0.0,1.0
1373,1922200.0,1400.0,0,1351,0.0,1.0
34,25913.0,762.1470588235294,0,4,0.0,0.0
29,12861.0,443.48275862068965,0,4,0.0,0.0
2000,2900158.0,1450.079,0,1,0.0,0.0
33,23383.0,708.5757575757576,0,4,0.0,0.0
2000,2902758.0,1451.379,0,1,0.0,1.0
31,20069.0,647.3870967741935,0,4,0.0,0.0
45,33503.0,744.5111111111111,0,4,0.0,0.0
25,17998.0,719.92,0,4,0.0,0.0
29,24150.0,832.7586206896551,0,4,0.0,0.0
2000,2898622.0,1449.311,0,1,0.0,0.0
2000,2901333.0,1450.6665,0,1,0.0,1.0
25,24371.0,974.84,0,4,0.0,0.0
2000,2900140.0,1450.07,0,1,0.0,1.0
2035,130240.0,64.0,0,1,0.0,1.0
30,19503.0,650.1,0,4,0.0,0.0
39,22826.0,585.2820512820513,0,4,0.0,0.0
27,20587.0,762.4814814814815,0,4,0.0,0.0
43,24524.0,570.3255813953489,0,4,0.0,0.0
25,17637.0,705.48,0,4,0.0,0.0
35,27676.0,790.7428571428571,0,4,0.0,0.0
28,21001.0,750.0357142857143,0,4,0.0,0.0
2000,2903374.0,1451.687,0,1,0.0,1.0
29,18854.0,650.1379310344828,0,4,0.0,0.0
25,17871.0,714.84,0,4,0.0,0.0
2000,2902200.0,1451.1,0,1,0.0,0.0
34,25871.0,760.9117647058823,0,4,0.0,0.0
2000,2900056.0,1450.028,0,1,0.0,1.0
2000,2901606.0,1450.803,0,1,0.0,1.0
1794,2511600.0,1400.0,0,1774,0.0,1.0
2000,2899983.0,1449.9915,0,1,0.0,1.0
38,23993.0,631.3947368421053,0,4,0.0,0.0
30,18297.0,609.9,0,4,0.0,0.0
46,30234.0,657.2608695652174,0,4,0.0,0.0
35,32360.0,924.5714285714286,0,4,0.0,0.0
34,23932.0,703.8823529411765,0,4,0.0,0.0
44,34262.0,778.6818181818181,0,4,0.0,0.0
2000,2901960.0,1450.98,0,1,0.0,0.0
1915,122560.0,64.0,0,1,0.0,1.0
24,21833.0,909.7083333333334,0,4,0.0,0.0
2000,2899755.0,1449.8775,0,1,0.0,1.0
2000,2901203.0,1450.6015,0,1,0.0,1.0
35,20337.0,581.0571428571428,0,4,0.0,0.0
31,19282.0,622.0,0,4,0.0,0.0
30,20880.0,696.0,0,4,0.0,0.0
27,22275.0,825.0,0,4,0.0,0.0
2000,2899296.0,1449.648,0,1,0.0,1.0
35,19130.0,546.5714285714286,0,4,0.0,0.0
1783,105405.0,59.11665731912507,1783,1,1.0,1.0
2000,2901638.0,1450.819,0,1,0.0,1.0
24,16909.0,704.5416666666666,0,4,0.0,0.0
33,25714.0,779.2121212121212,0,4,0.0,0.0
32,25642.0,801.3125,0,4,0.0,0.0
2000,2898463.0,1449.2315,0,1,0.0,0.0
2000,2902899.0,1451.4495,0,1,0.0,0.0
37,23092.0,624.1081081081081,0,4,0.0,0.0
32,24465.0,764.53125,0,4,0.0,0.0
44,33250.0,755.6818181818181,0,4,0.0,0.0
31,22007.0,709.9032258064516,0,4,0.0,0.0
34,24510.0,720.8823529411765,0,4,0.0,0.0
33,18326.0,555.3333333333334,0,4,0.0,0.0
27,23269.0,861.8148148148148,0,4,0.0,0.0
2000,2898596.0,1449.298,0,1,0.0,0.0
25,20780.0,831.2,0,4,0.0,0.0
42,32108.0,764.4761904761905,0,4,0.0,0.0
36,22643.0,628.9722222222222,0,4,0.0,0.0
35,26262.0,750.3428571428572,0,4,0.0,0.0
1532,98048.0,64.0,0,1,0.0,1.0
2000,2901164.0,1450.582,0,1,0.0,0.0
2046,130944.0,64.0,0,1,0.0,1.0
31,13465.0,434.35483870967744,0,4,0.0,0.0
2307,136042.0,58.9692241005635,2307,1,1.0,1.0
1792,114688.0,64.0,0,1,0.0,1.0
24,18919.0,788.2916666666666,0,4,0.0,0.0
46,33976.0,738.6086956521739,0,4,0.0,0.0
1755,103509.0,58.97948717948718,1755,1,1.0,1.0
28,13887.0,495.9642857142857,0,4,0.0,0.0
2000,2898138.0,1449.069,0,1,0.0,1.0
2000,2899608.0,1449.804,0,1,0.0,0.0
31,21578.0,696.0645161290323,0,4,0.0,0.0
25,17576.0,703.04,0,4,0.0,0.0
1932,123648.0,64.0,0,1,0.0,1.0
29,16735.0,577.0689655172414,0,4,0.0,0.0
2000,2898392.0,1449.196,0,1,0.0,1.0
24,14453.0,602.2083333333334,0,4,0.0,0.0
2000,2898633.0,1449.3165,0,1,0.0,0.0
2000,2898132.0,1449.066,0,1,0.0,1.0
30,19219.0,640.6333333333333,0,4,0.0,0.0
28,22507.0,803.8214285714286,0,4,0.0,0.0
2058,121329.0,58.95481049562682,2058,1,1.0,1.0
36,23148.0,643.0,0,4,0.0,0.0
29,19065.0,657.4137931034483,0,4,0.0,0.0
1653,2314200.0,1400.0,0,1623,0.0,1.0
2000,2899929.0,1449.9645,0,1,0.0,0.0
1947,124608.0,64.0,0,1,0.0,1.0
37,25159.0,679.972972972973,0,4,0.0,0.0
2000,2900042.0,1450.021,0,1,0.0,1.0
2283,135053.0,59.15593517301796,2283,1,1.0,1.0
2000,2900263.0,1450.1315,0,1,0.0,1.0
1340,1876000.0,1400.0,0,1326,0.0,1.0
26,22969.0,883.4230769230769,0,4,0.0,0.0
24,13293.0,553.875,0,4,0.0,0.0
2341,138119.0,59.0,2341,1,1.0,1.0
32,23910.0,747.1875,0,4,0.0,0.0
